01.01.01.03.1.00003;SU.00029/1925;3189
01.01.01.03.1.00004;GS.00081/1977;2898
01.01.01.03.1.00005;GS.00042/1975;2899
01.01.01.03.1.00006;GS.00221/1978;2733
01.01.01.03.1.00008;PLL.00283/1980;3123
01.01.01.03.1.00011;GS.00390/1980;2901
01.01.01.03.1.00012;GS.00005/1982;2757
01.01.01.03.1.00013;GS.00006/1982;2902
01.01.01.03.1.00014;SUS.00020/1982;2903
01.01.01.03.1.00015;GS.00377/1981;2525
01.01.01.03.1.00016;GS.00293/1981;2904
01.01.01.03.1.00017;GS.00018/1982;2703
01.01.01.03.1.00019;GS.00256/1981;2852
01.01.01.03.1.00020;GS.00706/1982;2905
01.01.01.03.1.00021;GS.00004/1982;2906
01.01.01.03.1.00022;GS.00003/1984;2908
01.01.01.03.1.00023;GS.00359/1981;2723
01.01.01.03.1.00024;GS.00102/1984;2907
01.01.01.03.1.00025;GS.00093/1984;2909
01.01.01.03.1.00026;GS.00095/1985;2910
01.01.01.03.1.00027;GS.00178/1981;2911
01.01.01.03.1.00028;SUS.00019/1982;2912
01.01.01.03.1.00030;GS.00001/1984;2914
01.01.01.03.1.00031;SUS.00023/1982;2913
01.01.01.03.1.00032;GS.00024/1982;2918
01.01.01.03.1.00033;GS.00030/1983;2916
01.01.01.03.1.00035;GS.00286/1984;2776
01.01.01.03.1.00036;SU.00308/2017;2772
01.01.01.03.1.00036;GS.00237/1984;2772
01.01.01.03.1.00037;GS.00263/1984;2917
01.01.01.03.1.00038;GS.00641/1984;2920
01.01.01.03.1.00039;GS.00287/1984;2921
01.01.01.03.1.00042;SU.00166/2014;2596
01.01.01.03.1.00042;GS.00288/1984;2596
01.01.01.03.1.00043;SUS.00029/1983;2807
01.01.01.03.1.00044;GS.00453/1985;2891
01.01.01.03.1.00046;GS.00684/1981;3095
01.01.01.03.1.00047;GS.00109/1985;3174
01.01.01.03.1.00048;SU.00402/1980;2789
01.01.01.03.1.00049;SUS.00022/1982;3096
01.01.01.03.1.00050;GS.00022/1982;3097
01.01.01.03.1.00051;SU.00232/1984;null
01.01.01.03.1.00054;SU.00109/1986;3099
01.01.01.03.1.00058;SU.00022/1985;3179
01.01.01.03.1.00059;SU.00210/1985;null
01.01.01.03.1.00060;GS.00037/1986;2775
01.01.01.03.1.00061;SU.00035/1986;3100
01.01.01.03.1.00065;SU.00169/1986;3126
01.01.01.03.1.00066;SU.00191/1984;2925
01.01.01.03.1.00068;SU.00017/1982;2760
01.01.01.03.1.00069;SU.00314/1980;2939
01.01.01.03.1.00070;SU.00093/1980;2926
01.01.01.03.1.00071;SU.00449/1986;2927
01.01.01.03.1.00072;SU.00464/1985;2928
01.01.01.03.1.00073;SU.00426/1986;2929
01.01.01.03.1.00074;SU.00069/1986;2315
01.01.01.03.1.00075;SU.00070/1986;2930
01.01.01.03.1.00076;SU.00040/1987;2526
01.01.01.03.1.00077;SU.00015/1982;2931
01.01.01.03.1.00080;SU.00204/1986;2934
01.01.01.03.1.00081;SU.00150/1986;2935
01.01.01.03.1.00082;SU.00149/1986;2936
01.01.01.03.1.00083;SU.00105/1986;2937
01.01.01.03.1.00084;SU.00151/1986;2938
01.01.01.03.1.00085;GS.00037/1986;2775
01.01.01.03.1.00086;SU.00040/1987;2526
01.01.01.03.1.00087;SU.00041/1987;2708
01.01.01.03.1.00088;GS.00018/1987;2785
01.01.01.03.1.00089;SU.00005/1998;2940
01.01.01.03.1.00090;GS.00013/1984;2923
01.01.01.03.1.00091;SU.00013/1988;2922
01.01.01.03.1.00092;GS.00653/1987;2565
01.01.01.03.1.00093;GS.00322/1985;2924
01.01.01.03.1.00095;GS.00264/1986;2802
01.01.01.03.1.00096;SU.00234/1988;2889
01.01.01.03.1.00097;GS.00235/1988;2619
01.01.01.03.1.00098;SU.00236/1988;2941
01.01.01.03.1.00099;SU.00237/1988;2942
01.01.01.03.1.00100;SUS.00238/1988;3183
01.01.01.03.1.00101;GS.00568/1986;3088
01.01.01.03.1.00102;GS.00081/1986;3089
01.01.01.03.1.00104;SUS.00033/1988;3103
01.01.01.03.1.00105;SUS.00305/1988;2543
01.01.01.03.1.00113;GS.00751/1987;3090
01.01.01.03.1.00114;GS.00752/1987;2871
01.01.01.03.1.00115;SU.00053/1988;3093
01.01.01.03.1.00116;SU.00052/1988;3092
01.01.01.03.1.00117;SU.00054/1988;2348
01.01.01.03.1.00118;SUS.00053/1988;3101
01.01.01.03.1.00120;SUS.00244/1988;3091
01.01.01.03.1.00125;GS.00643/1987;2718
01.01.01.03.1.00126;GS.00192/1989;3080
01.01.01.03.1.00129;SUS.00186/1989;3081
01.01.01.03.1.00130;SUS.00096/1989;3082
01.01.01.03.1.00131;SUS.00095/1989;3083
01.01.01.03.1.00132;SUS.00443/1988;3084
01.01.01.03.1.00133;SUS.00171/1988;3085
01.01.01.03.1.00134;PLL.00036/1989;3086
01.01.01.03.1.00135;SUS.00051/1989;3087
01.01.01.03.1.00136;GS.00020/1986;3178
01.01.01.03.1.00137;SU.00021/1990;null
01.01.01.03.1.00138;SUS.00308/1989;3157
01.01.01.03.1.00139;SU.00297/1989;2539
01.01.01.03.1.00140;GS.00282/1986;3106
01.01.01.03.1.00140;SU.00399/BEURAWE/2020;3106
01.01.01.03.1.00143;SU.00321/1989;null
01.01.01.03.1.00144;SU.00205/1988;3068
01.01.01.03.1.00145;SU.00045/1990;null
01.01.01.03.1.00146;SU.00042/1990;3069
01.01.01.03.1.00148;GS.00044/1990;3070
01.01.01.03.1.00149;SU.00046/1990;3071
01.01.01.03.1.00150;SU.00055/1990;3072
01.01.01.03.1.00151;SU.00056/1990;2740
01.01.01.03.1.00152;SUS.00041/1990;2346
01.01.01.03.1.00153;SUS.00059/1990;2786
01.01.01.03.1.00154;SUS.00060/1990;3073
01.01.01.03.1.00155;SUS.00467/1988;2816
01.01.01.03.1.00156;SUS.00468/1988;2597
01.01.01.03.1.00157;SUS.00054/1989;3190
01.01.01.03.1.00158;SUS.00001/1990;3074
01.01.01.03.1.00160;SUS.00133/1989;3075
01.01.01.03.1.00162;SUS.00503/1990;3076
01.01.01.03.1.00163;SUS.00506/1990;2541
01.01.01.03.1.00164;SUS.00504/1990;3077
01.01.01.03.1.00165;SUS.00507/1990;3078
01.01.01.03.1.00166;SUS.00502/1990;null
01.01.01.03.1.00167;SUS.00510/1990;2837
01.01.01.03.1.00168;SUS.00505/1990;3058
01.01.01.03.1.00170;SUS.00508/1990;3059
01.01.01.03.1.00171;SUS.00764/1990;3060
01.01.01.03.1.00172;SUS.00509/1990;2563
01.01.01.03.1.00173;GS.00698/1987;3061
01.01.01.03.1.00174;SUS.00091/1990;2557
01.01.01.03.1.00175;SUS.00092/1990;3062
01.01.01.03.1.00176;SUS.00006/1991;3180
01.01.01.03.1.00177;SU.00115/1991;2726
01.01.01.03.1.00178;SU.00119/1991;3186
01.01.01.03.1.00179;SU.00120/1991;2614
01.01.01.03.1.00180;SU.00121/1991;2615
01.01.01.03.1.00181;SUS.00075/1991;3063
01.01.01.03.1.00182;SU.00017/2010;2284
01.01.01.03.1.00183;SU.00018/1992;2893
01.01.01.03.1.00184;SUS.00014/1992;3289
01.01.01.03.1.00185;SU.00011/1999;3064
01.01.01.03.1.00186;SUS.00043/1990;2734
01.01.01.03.1.00187;SUS.00257/1990;3065
01.01.01.03.1.00188;GS.00009/1989;null
01.01.01.03.1.00189;SUS.00750/1991;2815
01.01.01.03.1.00190;GS.00044/1992;3066
01.01.01.03.1.00191;SU.00045/1992;3067
01.01.01.03.1.00192;SUS.00258/1992;3045
01.01.01.03.1.00193;SUS.00168/1992;3286
01.01.01.03.1.00194;SU.00060/1992;3046
01.01.01.03.1.00195;SUS.00753/1991;3047
01.01.01.03.1.00196;GS.00375/1991;3181
01.01.01.03.1.00197;SU.00511/1990;3048
01.01.01.03.1.00198;SU.00451/1990;2876
01.01.01.03.1.00199;GS.00667/1992;3049
01.01.01.03.1.00200;SU.00385/1992;3050
01.01.01.03.1.00201;SU.00386/1992;3191
01.01.01.03.1.00202;SU.00001/1993;3124
01.01.01.03.1.00203;GS.00328/1993;3051
01.01.01.03.1.00204;GS.00273/1993;3052
01.01.01.03.1.00206;GS.00417/1994;3053
01.01.01.03.1.00207;GS.00539/1994;3054
01.01.01.03.1.00208;GS.00540/1994;3145
01.01.01.03.1.00210;GS.00682/1994;3056
01.01.01.03.1.00211;GS.00697/1994;3057
01.01.01.03.1.00212;GS.00893/1994;3125
01.01.01.03.1.00213;GS.00901/1994;3027
01.01.01.03.1.00214;GS.00902/1994;3028
01.01.01.03.1.00215;GS.00949/1994;3029
01.01.01.03.1.00216;GS.00048/1995;2813
01.01.01.03.1.00217;GS.00215/1995;3030
01.01.01.03.1.00218;GS.00312/1995;2553
01.01.01.03.1.00219;GS.00526/1995;3031
01.01.01.03.1.00220;GS.00559/1995;2764
01.01.01.03.1.00221;GS.00611/1995;3032
01.01.01.03.1.00222;GS.01051/1995;3033
01.01.01.03.1.00223;GS.01078/1995;3034
01.01.01.03.1.00224;GS.01079/1995;2602
01.01.01.03.1.00225;GS.01151/1995;3035
01.01.01.03.1.00226;GS.01180/1995;3036
01.01.01.03.1.00227;GS.01495/1995;3037
01.01.01.03.1.00228;GS.01249/1995;3038
01.01.01.03.1.00229;GS.01167/1995;3039
01.01.01.03.1.00230;GS.01954/1995;3040
01.01.01.03.1.00231;GS.01251/1995;3257
01.01.01.03.1.00233;GS.01582/1995;3041
01.01.01.03.1.00234;GS.01496/1995;3042
01.01.01.03.1.00235;GS.01584/1995;3043
01.01.01.03.1.00236;GS.01581/1995;581
01.01.01.03.1.00237;GS.01516/1995;3044
01.01.01.03.1.00238;GS.01583/1995;2840
01.01.01.03.1.00239;GS.01517/1995;3011
01.01.01.03.1.00241;GS.01765/1995;2550
01.01.01.03.1.00242;GS.01953/1995;3013
01.01.01.03.1.00243;GS.00076/1996;3014
01.01.01.03.1.00244;GS.00154/1996;3015
01.01.01.03.1.00245;GS.00321/1996;3016
01.01.01.03.1.00246;GS.00322/1996;3017
01.01.01.03.1.00247;GS.00545/1996;2537
01.01.01.03.1.00248;GS.00576/1996;3018
01.01.01.03.1.00250;GS.00825/1996;3020
01.01.01.03.1.00251;GS.00826/1996;2778
01.01.01.03.1.00252;GS.01813/1996;3021
01.01.01.03.1.00253;GS.01841/1996;3022
01.01.01.03.1.00255;GS.01946/1996;2888
01.01.01.03.1.00256;GS.02048/1996;3023
01.01.01.03.1.00257;GS.02211/1996;2811
01.01.01.03.1.00258;GS.02212/1996;3024
01.01.01.03.1.00259;GS.02213/1996;2798
01.01.01.03.1.00260;GS.02214/1996;3025
01.01.01.03.1.00261;GS.02354/1996;2892
01.01.01.03.1.00262;GS.00010/1997;3026
01.01.01.03.1.00263;GS.02360/1996;3166
01.01.01.03.1.00264;GS.02361/1996;2822
01.01.01.03.1.00265;GS.02362/1996;2364
01.01.01.03.1.00266;GS.02363/1996;3172
01.01.01.03.1.00267;GS.02364/1996;3008
01.01.01.03.1.00268;GS.02365/1996;2591
01.01.01.03.1.00269;GS.02366/1996;3167
01.01.01.03.1.00270;GS.02367/1996;2424
01.01.01.03.1.00271;GS.02368/1996;3009
01.01.01.03.1.00274;GS.02375/1996;3121
01.01.01.03.1.00275;GS.02376/1996;2861
01.01.01.03.1.00276;GS.02377/1996;3171
01.01.01.03.1.00277;GS.02386/1996;2735
01.01.01.03.1.00278;GS.02387/1996;null
01.01.01.03.1.00279;GS.00291/1997;3192
01.01.01.03.1.00280;SU.00412/1997;2626
01.01.01.03.1.00283;GS.01279/1997;3165
01.01.01.03.1.00284;GS.01341/1997;2995
01.01.01.03.1.00286;GS.01527/1997;2996
01.01.01.03.1.00287;GS.01556/1997;2997
01.01.01.03.1.00288;GS.01658/1997;2998
01.01.01.03.1.00289;GS.01659/1997;2999
01.01.01.03.1.00290;GS.01660/1997;3000
01.01.01.03.1.00291;GS.01661/1997;3001
01.01.01.03.1.00293;GS.01675/1997;3002
01.01.01.03.1.00294;GS.01676/1997;3003
01.01.01.03.1.00295;GS.01677/1997;2762
01.01.01.03.1.00296;GS.01678/1997;3004
01.01.01.03.1.00297;GS.01679/1997;2538
01.01.01.03.1.00298;GS.01734/1997;3005
01.01.01.03.1.00299;GS.01906/1997;3006
01.01.01.03.1.00300;GS.01907/1997;3193
01.01.01.03.1.00301;GS.01908/1997;2878
01.01.01.03.1.00302;GS.02260/1997;3007
01.01.01.03.1.00303;GS.02250/1997;2707
01.01.01.03.1.00304;GS.02251/1997;2724
01.01.01.03.1.00305;GS.02252/1997;2761
01.01.01.03.1.00306;GS.02358/1997;2982
01.01.01.03.1.00308;SU.40/BEURAWE/1998;3260
01.01.01.03.1.00310;SU.00238/2015;2677
01.01.01.03.1.00311;SU.00007/1998;2842
01.01.01.03.1.00312;SU.00008/1998;2843
01.01.01.03.1.00313;SU.00009/1998;2983
01.01.01.03.1.00314;SU.00010/1998;2984
01.01.01.03.1.00315;SU.00011/1998;2985
01.01.01.03.1.00316;SU.00012/1998;2986
01.01.01.03.1.00317;SU.00013/1998;2987
01.01.01.03.1.00318;SU.00014/1998;2988
01.01.01.03.1.00319;SU.00015/1998;2812
01.01.01.03.1.00320;SU.00016/1998;3149
01.01.01.03.1.00321;SU.00017/1998;2989
01.01.01.03.1.00322;SU.00018/1998;2990
01.01.01.03.1.00324;SU.00020/1998;2992
01.01.01.03.1.00325;SU.00021/1998;2993
01.01.01.03.1.00326;SU.00022/1998;2994
01.01.01.03.1.00327;SU.00023/1998;3146
01.01.01.03.1.00328;SU.00024/1998;2974
01.01.01.03.1.00329;SU.00025/1998;2975
01.01.01.03.1.00330;SU.00026/1998;3155
01.01.01.03.1.00331;SU.00027/1998;2976
01.01.01.03.1.00332;SU.00028/1998;2977
01.01.01.03.1.00333;SU.00029/1998;3150
01.01.01.03.1.00334;SU.00030/1998;2585
01.01.01.03.1.00335;SU.00031/1998;2978
01.01.01.03.1.00336;SU.00032/1998;3162
01.01.01.03.1.00337;SU.00033/1998;2536
01.01.01.03.1.00338;SU.00034/1998;34
01.01.01.03.1.00339;SU.00035/1998;2979
01.01.01.03.1.00341;SU.00037/1998;2980
01.01.01.03.1.00343;SU.00039/1998;2981
01.01.01.03.1.00346;SU.00042/1998;3282
01.01.01.03.1.00347;SU.00043/1998;3147
01.01.01.03.1.00349;SU.00045/1998;3151
01.01.01.03.1.00350;SU.00017/2002;187
01.01.01.03.1.00351;SU.00047/1998;134
01.01.01.03.1.00352;SU.00048/1998;2810
01.01.01.03.1.00353;SU.00049/1998;3298
01.01.01.03.1.00354;SU.00127/2013;2552
01.01.01.03.1.00355;SU.00051/1998;2965
01.01.01.03.1.00356;SU.00052/1998;2687
01.01.01.03.1.00357;SU.00053/1998;2966
01.01.01.03.1.00358;SU.00054/1998;3158
01.01.01.03.1.00359;SU.00055/1998;2967
01.01.01.03.1.00360;SU.00056/1998;2751
01.01.01.03.1.00361;SU.00057/1998;2343
01.01.01.03.1.00362;SU.00058/1998;3159
01.01.01.03.1.00363;SU.00059/1998;2968
01.01.01.03.1.00365;SU.00061/1998;2970
01.01.01.03.1.00366;SU.00062/1998;2321
01.01.01.03.1.00367;SU.00400/2020;2895
01.01.01.03.1.00369;SU.00065/1998;3297
01.01.01.03.1.00370;SU.00066/1998;3156
01.01.01.03.1.00371;SU.00067/1998;2971
01.01.01.03.1.00373;SU.00004/1998;2972
01.01.01.03.1.00374;SU.00006/1998;2973
01.01.01.03.1.00375;SU.00072/1998;3148
01.01.01.03.1.00376;SU.00069/1998;2956
01.01.01.03.1.00377;SU.00070/1998;70
01.01.01.03.1.00378;SU.00071/1999;2957
01.01.01.03.1.00381;SU.00008/1999;80
01.01.01.03.1.00382;SU.00010/1999;2959
01.01.01.03.1.00383;SU.00009/1999;2960
01.01.01.03.1.00384;SU.00013/1999;2961
01.01.01.03.1.00385;SU.00012/1999;3287
01.01.01.03.1.00386;SU.00014/1999;2752
01.01.01.03.1.00387;SU.00015/1999;3169
01.01.01.03.1.00388;SU.00016/1999;2962
01.01.01.03.1.00389;SU.00019/1999;2963
01.01.01.03.1.00391;SU.00018/1999;2964
01.01.01.03.1.00392;SU.00002/2000;93
01.01.01.03.1.00394;SU.00006/2000;97
01.01.01.03.1.00395;SU.00003/2000;94
01.01.01.03.1.00396;SU.00001/2000;3258
01.01.01.03.1.00397;SU.00004/2000;96
01.01.01.03.1.00398;SU.00005/2000;2682
01.01.01.03.1.00399;SU.00008/2000;99
01.01.01.03.1.00400;SU.00012/2000;104
01.01.01.03.1.00403;SU.00010/2000;101
01.01.01.03.1.00404;SU.00013/2000;105
01.01.01.03.1.00405;SU.00014/2000;106
01.01.01.03.1.00406;SU.00015/2000;107
01.01.01.03.1.00407;SU.00016/2000;110
01.01.01.03.1.00408;SU.00328/2018;116
01.01.01.03.1.00411;SU.00023/2000;112
01.01.01.03.1.00412;SU.00019/2000;108
01.01.01.03.1.00413;SU.00022/2000;111
01.01.01.03.1.00414;SU.00020/2000;109
01.01.01.03.1.00415;SU.00024/2000;117
01.01.01.03.1.00416;SU.00025/2000;118
01.01.01.03.1.00417;SU.00026/2000;114
01.01.01.03.1.00420;SU.00002/2001;121
01.01.01.03.1.00421;SU.00003/2001;122
01.01.01.03.1.00423;SU.00004/2001;125
01.01.01.03.1.00424;SU.00005/2001;130
01.01.01.03.1.00426;SU.00008/2001;124
01.01.01.03.1.00427;SU.00007/2000;133
01.01.01.03.1.00428;SU.00009/2001;126
01.01.01.03.1.00432;SU.00013/2001;132
01.01.01.03.1.00433;SU.00380/2019;2870
01.01.01.03.1.00434;SU.00015/2001;139
01.01.01.03.1.00435;SU.00016/2001;140
01.01.01.03.1.00436;SU.00017/2001;141
01.01.01.03.1.00437;SU.00018/2001;142
01.01.01.03.1.00438;SU.00019/2001;143
01.01.01.03.1.00439;SU.00020/2001;146
01.01.01.03.1.00440;SU.00021/2001;147
01.01.01.03.1.00441;SU.00022/2001;148
01.01.01.03.1.00442;SU.00023/2001;149
01.01.01.03.1.00443;SU.00024/2001;150
01.01.01.03.1.00444;SU.00025/2001;151
01.01.01.03.1.00446;SU.00026/2001;152
01.01.01.03.1.00447;SU.00027/2001;153
01.01.01.03.1.00448;SU.00028/2001;154
01.01.01.03.1.00449;SU.00029/2001;155
01.01.01.03.1.00450;SU.00030/2001;156
01.01.01.03.1.00452;SU.00032/2001;158
01.01.01.03.1.00454;SU.00035/2001;136
01.01.01.03.1.00455;SU.00034/2001;137
01.01.01.03.1.00457;SU.00037/2001;145
01.01.01.03.1.00458;SU.00038/2001;3122
01.01.01.03.1.00459;SU.00039/2001;162
01.01.01.03.1.00460;SU.00040/2001;163
01.01.01.03.1.00461;SU.00041/2001;2953
01.01.01.03.1.00462;SU.00042/2001;177
01.01.01.03.1.00463;SU.00044/2001;169
01.01.01.03.1.00464;SU.00043/2001;170
01.01.01.03.1.00465;SU.00020/2002;190
01.01.01.03.1.00466;PLL.00041/2001;164
01.01.01.03.1.00467;SU.00046/2001;180
01.01.01.03.1.00468;SU.00004/2002;168
01.01.01.03.1.00469;SU.00003/2002;167
01.01.01.03.1.00470;SU.00002/2002;166
01.01.01.03.1.00471;SU.00001/2002;165
01.01.01.03.1.00472;SU.00005/2002;171
01.01.01.03.1.00473;SU.00006/2002;176
01.01.01.03.1.00474;SU.00007/2002;175
01.01.01.03.1.00475;SU.00008/2002;174
01.01.01.03.1.00476;SU.00009/2002;172
01.01.01.03.1.00477;SU.00010/2002;173
01.01.01.03.1.00478;SU.00011/2002;184
01.01.01.03.1.00479;SU.00012/2002;178
01.01.01.03.1.00480;SU.00013/2002;179
01.01.01.03.1.00481;SU.00014/2002;182
01.01.01.03.1.00482;SU.00015/2002;181
01.01.01.03.1.00483;SU.00016/2002;183
01.01.01.03.1.00484;SU.00018/2002;189
01.01.01.03.1.00485;SU.00019/2002;188
01.01.01.03.1.00487;SU.00022/2002;192
01.01.01.03.1.00491;SU.00026/2002;196
01.01.01.03.1.00492;SU.00027/2002;3168
01.01.01.03.1.00493;SU.00028/2002;185
01.01.01.03.1.00494;SU.00029/2002;186
01.01.01.03.1.00495;SU.00030/2002;197
01.01.01.03.1.00496;SU.00031/2002;200
01.01.01.03.1.00497;SU.00032/2002;201
01.01.01.03.1.00498;SU.00033/2002;202
01.01.01.03.1.00499;SU.00034/2002;199
01.01.01.03.1.00501;SU.00036/2002;204
01.01.01.03.1.00502;SU.00037/2002;205
01.01.01.03.1.00504;SU.00039/2002;216
01.01.01.03.1.00505;SU.00134/2014;217
01.01.01.03.1.00506;SU.00159/2014;218
01.01.01.03.1.00507;SU.00042/2002;207
01.01.01.03.1.00508;SU.00043/2002;210
01.01.01.03.1.00509;SU.00044/2002;211
01.01.01.03.1.00510;SU.00001/2003;209
01.01.01.03.1.00511;SU.00002/2003;208
01.01.01.03.1.00512;SU.00003/2003;213
01.01.01.03.1.00513;SU.00004/2003;212
01.01.01.03.1.00514;SU.00006/2003;214
01.01.01.03.1.00515;SU.00007/2003;215
01.01.01.03.1.00516;SU.00008/2003;220
01.01.01.03.1.00517;SU.00009/2003;221
01.01.01.03.1.00518;SU.00010/2003;222
01.01.01.03.1.00519;SU.00011/2003;223
01.01.01.03.1.00520;SU.00012/2003;224
01.01.01.03.1.00521;SU.00013/2003;225
01.01.01.03.1.00522;SU.00014/2003;226
01.01.01.03.1.00523;SU.00015/2003;227
01.01.01.03.1.00524;SU.00016/2003;228
01.01.01.03.1.00525;SU.00017/2003;229
01.01.01.03.1.00526;SU.00018/2003;null
01.01.01.03.1.00527;SU.00019/2003;231
01.01.01.03.1.00528;SU.00019/2010;232
01.01.01.03.1.00529;SU.00021/2003;233
01.01.01.03.1.00530;SU.00022/2003;219
01.01.01.03.1.00531;SU.00023/2003;239
01.01.01.03.1.00532;SU.00024/2003;2954
01.01.01.03.1.00533;SU.00025/2003;238
01.01.01.03.1.00534;SU.00026/2003;237
01.01.01.03.1.00535;SU.00027/2003;244
01.01.01.03.1.00536;SU.00028/2003;245
01.01.01.03.1.00537;SU.00029/2003;246
01.01.01.03.1.00538;SU.00030/2003;247
01.01.01.03.1.00539;SU.00031/2003;248
01.01.01.03.1.00541;SU.00033/2003;234
01.01.01.03.1.00542;SU.00034/2003;235
01.01.01.03.1.00543;SU.00035/2003;236
01.01.01.03.1.00544;SU.00036/2003;240
01.01.01.03.1.00545;SU.00037/2003;2955
01.01.01.03.1.00546;SU.00038/2003;242
01.01.01.03.1.00547;SU.00039/2003;251
01.01.01.03.1.00548;SU.00040/2003;253
01.01.01.03.1.00549;SU.00041/2003;255
01.01.01.03.1.00550;SU.00042/2003;256
01.01.01.03.1.00551;SU.00043/2003;260
01.01.01.03.1.00552;SU.00044/2003;261
01.01.01.03.1.00553;SU.00045/2003;262
01.01.01.03.1.00554;SU.00046/2003;263
01.01.01.03.1.00555;SU.00047/2003;264
01.01.01.03.1.00557;SU.00050/2003;241
01.01.01.03.1.00559;SU.00001/2004;254
01.01.01.03.1.00560;SU.00003/2004;259
01.01.01.03.1.00561;SU.00004/2004;258
01.01.01.03.1.00563;SU.00006/2004;265
01.01.01.03.1.00564;SU.00007/2004;269
01.01.01.03.1.00565;SU.00008/2004;270
01.01.01.03.1.00566;SU.00009/2004;266
01.01.01.03.1.00567;SU.00010/2004;279
01.01.01.03.1.00568;SU.00011/2004;274
01.01.01.03.1.00569;SU.00012/2004;283
01.01.01.03.1.00570;SU.00013/2004;280
01.01.01.03.1.00571;SU.00014/2004;286
01.01.01.03.1.00572;SU.00015/2004;287
01.01.01.03.1.00573;SU.00016/2004;28
01.01.01.03.1.00574;SU.00017/2004;291
01.01.01.03.1.00575;SU.00018/2004;292
01.01.01.03.1.00576;SU.00019/2004;293
01.01.01.03.1.00577;SU.00020/2004;278
01.01.01.03.1.00580;SU.00023/2004;282
01.01.01.03.1.00581;SU.00024/2004;297
01.01.01.03.1.00582;SU.00025/2004;305
01.01.01.03.1.00583;SU.00026/2004;306
01.01.01.03.1.00584;SU.00027/2004;307
01.01.01.03.1.00585;SU.00028/2004;309
01.01.01.03.1.00586;SU.00030/2004;313
01.01.01.03.1.00588;SU.00032/2004;311
01.01.01.03.1.00589;SU.00033/2004;310
01.01.01.03.1.00591;SU.00029/2004;284
01.01.01.03.1.00592;SU.00035/2004;315
01.01.01.03.1.00593;SU.00036/2004;316
01.01.01.03.1.00594;SU.00037/2004;317
01.01.01.03.1.00595;SU.00038/2004;318
01.01.01.03.1.00596;SU.00039/2004;319
01.01.01.03.1.00597;SU.00040/2004;320
01.01.01.03.1.00598;SU.00041/2004;321
01.01.01.03.1.00599;SU.00042/2004;276
01.01.01.03.1.00601;SU.00044/2004;330
01.01.01.03.1.00602;SU.00045/2004;285
01.01.01.03.1.00603;SU.00046/2004;295
01.01.01.03.1.00604;SU.00047/2004;294
01.01.01.03.1.00605;SU.00048/2004;296
01.01.01.03.1.00606;null;null
01.01.01.03.1.00607;SU.00322/2017;290
01.01.01.03.1.00609;SU.00052/2004;334
01.01.01.03.1.00610;SU.00055/2004;338
01.01.01.03.1.00611;SU.00056/2004;337
01.01.01.03.1.00612;SU.00057/2004;299
01.01.01.03.1.00613;SU.00058/2004;300
01.01.01.03.1.00614;SU.00059/2004;301
01.01.01.03.1.00615;SU.00060/2004;302
01.01.01.03.1.00616;SU.00061/2004;303
01.01.01.03.1.00617;SU.00062/2004;304
01.01.01.03.1.00618;SU.00063/2004;308
01.01.01.03.1.00620;SU.00065/2004;340
01.01.01.03.1.00621;SU.00066/2004;298
01.01.01.03.1.00623;SU.00068/2004;328
01.01.01.03.1.00627;SU.00072/2004;331
01.01.01.03.1.00629;SU.00074/2004;332
01.01.01.03.1.00632;null;null
01.01.01.03.1.00754;SU.00221/1978;2716
01.01.01.03.1.00891;null;null
01.01.01.03.1.01200;null;null
01.01.01.03.1.02001;SU.02001/2005;2001
01.01.01.03.1.02002;SU.00002/2005;2002
01.01.01.03.1.02003;SU.00003/2005;2003
01.01.01.03.1.02004;SU.00005/2005;2012
01.01.01.03.1.02005;SU.00004/2005;2013
01.01.01.03.1.02006;SU.00006/2005;2014
01.01.01.03.1.02007;SU.00007/2005;2006
01.01.01.03.1.02008;SU.00008/2005;2007
01.01.01.03.1.02009;SU.00009/2005;2008
01.01.01.03.1.02010;SU.00010/2005;2009
01.01.01.03.1.02011;SU.00011/2005;2010
01.01.01.03.1.02012;SU.00012/2005;2011
01.01.01.03.1.02013;SU.00013/2005;2015
01.01.01.03.1.02014;SU.00014/2005;2016
01.01.01.03.1.02015;SU.00015/2005;2017
01.01.01.03.1.02016;SU.00017/2005;2018
01.01.01.03.1.02017;SU.00016/2005;2019
01.01.01.03.1.02018;SU.00018/2005;2020
01.01.01.03.1.02019;SU.00019/2005;2021
01.01.01.03.1.02020;SU.00020/2005;2022
01.01.01.03.1.02021;SU.00021/2005;2004
01.01.01.03.1.02022;SU.00023/2005;2951
01.01.01.03.1.02023;SU.00022/2005;341
01.01.01.03.1.02024;SU.00024/2005;2028
01.01.01.03.1.02025;SU.00025/2005;2030
01.01.01.03.1.02026;SU.00027/2005;2024
01.01.01.03.1.02027;SU.00026/2005;2025
01.01.01.03.1.02028;SU.00028/2005;2027
01.01.01.03.1.02029;SU.00029/2005;3256
01.01.01.03.1.02030;SU.00030/2005;2026
01.01.01.03.1.02031;SU.00031/2005;2032
01.01.01.03.1.02032;SU.00001/2006;2033
01.01.01.03.1.02033;SU.00032/2005;2037
01.01.01.03.1.02034;SU.00002/2006;2048
01.01.01.03.1.02035;SU.00033/2005;2046
01.01.01.03.1.02036;SU.00034/2005;2047
01.01.01.03.1.02037;SU.00003/2006;2050
01.01.01.03.1.02038;SU.00004/2006;2036
01.01.01.03.1.02039;SU.00005/2006;2035
01.01.01.03.1.02040;SU.00006/2006;2054
01.01.01.03.1.02041;SU.00007/2006;2055
01.01.01.03.1.02042;SU.00008/2006;2043
01.01.01.03.1.02043;SU.00009/2006;2041
01.01.01.03.1.02044;SU.00010/2006;2042
01.01.01.03.1.02045;SU.00011/2006;2040
01.01.01.03.1.02046;SU.00012/2006;2039
01.01.01.03.1.02047;SU.00013/2006;2038
01.01.01.03.1.02048;SU.00014/2006;2045
01.01.01.03.1.02049;SU.00015/2006;2044
01.01.01.03.1.02050;SU.00016/2006;2049
01.01.01.03.1.02052;SU.00018/2006;2057
01.01.01.03.1.02053;SU.00019/2006;2058
01.01.01.03.1.02054;SU.00020/2006;2059
01.01.01.03.1.02055;SU.00021/2006;2051
01.01.01.03.1.02056;SU.00022/2006;2029
01.01.01.03.1.02057;SU.00023/2006;2061
01.01.01.03.1.02059;SU.00025/2006;2063
01.01.01.03.1.02061;SU.00027/2006;2067
01.01.01.03.1.02062;SU.00028/2006;2068
01.01.01.03.1.02063;SU.00029/2006;2069
01.01.01.03.1.02064;SU.00030/2006;2070
01.01.01.03.1.02065;SU.00031/2006;2071
01.01.01.03.1.02066;SU.00032/2006;2072
01.01.01.03.1.02068;SU.00034/2006;2074
01.01.01.03.1.02069;SU.00035/2006;2075
01.01.01.03.1.02070;SU.00036/2006;2056
01.01.01.03.1.02071;SU.00037/2006;2078
01.01.01.03.1.02072;SU.00038/2006;2053
01.01.01.03.1.02073;SU.00039/2006;2052
01.01.01.03.1.02074;SU.00040/2006;2080
01.01.01.03.1.02075;SU.00041/2006;2079
01.01.01.03.1.02076;SU.00042/2006;2083
01.01.01.03.1.02077;SU.00043/2006;2084
01.01.01.03.1.02078;SU.00044/2006;2085
01.01.01.03.1.02079;SU.00045/2006;2086
01.01.01.03.1.02080;SU.00046/2006;2087
01.01.01.03.1.02081;SU.00047/2006;2088
01.01.01.03.1.02082;SU.00048/2006;2064
01.01.01.03.1.02083;SU.00049/2006;2065
01.01.01.03.1.02084;SU.00050/2006;2076
01.01.01.03.1.02085;SU.00051/2006;2090
01.01.01.03.1.02086;SU.00052/2006;2091
01.01.01.03.1.02087;SU.00053/2006;2092
01.01.01.03.1.02088;SU.00054/2006;2093
01.01.01.03.1.02089;SU.00056/2006;2094
01.01.01.03.1.02090;SU.00057/2006;2095
01.01.01.03.1.02091;SU.00058/2006;2096
01.01.01.03.1.02092;SU.00059/2006;2097
01.01.01.03.1.02093;SU.00055/2006;2077
01.01.01.03.1.02094;SU.00060/2006;2060
01.01.01.03.1.02095;SU.00061/2006;2081
01.01.01.03.1.02096;SU.00062/2006;2082
01.01.01.03.1.02098;SU.00064/2006;2098
01.01.01.03.1.02099;SU.00065/2006;2101
01.01.01.03.1.02100;SU.00066/2006;2089
01.01.01.03.1.02102;SU.00068/2006;2106
01.01.01.03.1.02103;SU.00000/2006;2308
01.01.01.03.1.02104;SU.00070/2006;2108
01.01.01.03.1.02106;SU.00072/2006;2110
01.01.01.03.1.02107;SU.00073/2006;2111
01.01.01.03.1.02108;SU.00001/2007;2112
01.01.01.03.1.02109;SU.00015/2006;2044
01.01.01.03.1.02110;null;2114
01.01.01.03.1.02110;SU.00016/2006;2049
01.01.01.03.1.02113;SU.00003/2007;2100
01.01.01.03.1.02114;SU.00004/2007;2102
01.01.01.03.1.02115;SU.00005/2007;2103
01.01.01.03.1.02116;SU.00006/2007;2119
01.01.01.03.1.02117;SU.00007/2007;2124
01.01.01.03.1.02118;SU.00008/2007;2105
01.01.01.03.1.02119;SU.00009/2007;2122
01.01.01.03.1.02121;SU.00011/2007;2120
01.01.01.03.1.02122;SU.00012/2007;2121
01.01.01.03.1.02123;SU.00013/2007;2117
01.01.01.03.1.02124;SU.00015/2007;2129
01.01.01.03.1.02125;SU.00014/2007;2128
01.01.01.03.1.02126;SU.00016/2007;2031
01.01.01.03.1.02127;SU.00017/2007;2133
01.01.01.03.1.02128;SU.00018/2007;2134
01.01.01.03.1.02129;SU.00100/2008;2948
01.01.01.03.1.02130;SU.00020/2007;2145
01.01.01.03.1.02131;SU.00021/2007;2146
01.01.01.03.1.02132;SU.00022/2007;2147
01.01.01.03.1.02133;SU.00023/2007;2118
01.01.01.03.1.02135;SU.00025/2007;2130
01.01.01.03.1.02136;SU.00026/2007;2126
01.01.01.03.1.02137;SU.00030/2007;2132
01.01.01.03.1.02138;SU.00027/2007;2152
01.01.01.03.1.02139;SU.00028/2007;2153
01.01.01.03.1.02141;SU.00031/2007;2155
01.01.01.03.1.02142;SU.00032/2007;2949
01.01.01.03.1.02143;SU.00034/2007;2158
01.01.01.03.1.02144;SU.00033/2007;2157
01.01.01.03.1.02145;SU.00035/2007;2161
01.01.01.03.1.02146;SU.00036/2007;2162
01.01.01.03.1.02147;SU.00037/2007;2160
01.01.01.03.1.02148;SU.00038/2007;2135
01.01.01.03.1.02151;SU.00041/2007;2138
01.01.01.03.1.02152;SU.00042/2007;2139
01.01.01.03.1.02153;SU.00043/2007;2140
01.01.01.03.1.02154;SU.00044/2007;2141
01.01.01.03.1.02155;SU.00045/2007;2142
01.01.01.03.1.02156;SU.00046/2007;2143
01.01.01.03.1.02157;SU.00047/2007;2163
01.01.01.03.1.02158;SU.00048/2007;2164
01.01.01.03.1.02159;SU.00049/2007;2165
01.01.01.03.1.02160;SU.00050/2007;2149
01.01.01.03.1.02161;SU.00051/2007;2125
01.01.01.03.1.02162;SU.00053/2007;2167
01.01.01.03.1.02163;SU.00052/2007;2166
01.01.01.03.1.02164;SU.00054/2007;2148
01.01.01.03.1.02165;SU.00055/2007;2169
01.01.01.03.1.02166;SU.00056/2007;2170
01.01.01.03.1.02167;SU.00057/2007;2171
01.01.01.03.1.02168;SU.00058/2007;2172
01.01.01.03.1.02169;SU.00059/2007;2173
01.01.01.03.1.02170;SU.00060/2007;2174
01.01.01.03.1.02171;SU.00061/2007;2175
01.01.01.03.1.02172;SU.00062/2007;2176
01.01.01.03.1.02173;SU.00063/2007;2177
01.01.01.03.1.02174;SU.00064/2007;2178
01.01.01.03.1.02175;SU.00065/2007;2179
01.01.01.03.1.02176;SU.00066/2007;2156
01.01.01.03.1.02177;SU.00067/2007;2150
01.01.01.03.1.02179;SU.00069/2007;191
01.01.01.03.1.02181;SU.00071/2007;2950
01.01.01.03.1.02182;SU.00072/2007;3350
01.01.01.03.1.02183;SU.00073/2007;2168
01.01.01.03.1.02185;SU.00002/2008;2555
01.01.01.03.1.02188;SU.00005/2008;3152
01.01.01.03.1.02189;SU.00006/2008;3153
01.01.01.03.1.02191;SU.00008/2008;2181
01.01.01.03.1.02192;SU.00009/2008;2199
01.01.01.03.1.02193;SU.00010/2008;2200
01.01.01.03.1.02194;SU.00011/2008;2201
01.01.01.03.1.02195;SU.00074/2007;3182
01.01.01.03.1.02196;SU.00075/2007;2202
01.01.01.03.1.02197;SU.00012/2008;2204
01.01.01.03.1.02198;SU.00013/2008;2205
01.01.01.03.1.02199;SU.00014/2008;2182
01.01.01.03.1.02200;SU.00015/2008;2183
01.01.01.03.1.02201;SU.00016/2008;2945
01.01.01.03.1.02202;SU.00017/2008;2188
01.01.01.03.1.02203;SU.00018/2008;3154
01.01.01.03.1.02204;SU.00019/2008;3351
01.01.01.03.1.02206;SU.00022/2008;3266
01.01.01.03.1.02214;SU.00030/2008;2198
01.01.01.03.1.02217;SU.00033/2008;2209
01.01.01.03.1.02220;SU.00020/2008;3265
01.01.01.03.1.02223;SU.00038/2008;3262
01.01.01.03.1.02224;SU.00039/2008;2946
01.01.01.03.1.02225;SU.00040/2008;2947
01.01.01.03.1.02228;SU.00043/2008;2227
01.01.01.03.1.02229;SU.00044/2008;2228
01.01.01.03.1.02230;SU.00045/2008;3160
01.01.01.03.1.02232;SU.00048/2008;2232
01.01.01.03.1.02233;SU.00049/2008;3170
01.01.01.03.1.02234;SU.00001/2009;2236
01.01.01.03.1.02235;SU.00002/2009;2237
01.01.01.03.1.02236;SU.00003/2009;2234
01.01.01.03.1.02238;SU.05/BEURAWE/2009;3390
01.01.01.03.1.02239;SU.00006/2009;2244
01.01.01.03.1.02240;SU.00007/2009;2245
01.01.01.03.1.02242;SU.00008/2009;2247
01.01.01.03.1.02243;SU.00009/2009;2248
01.01.01.03.1.02247;SU.00014/2009;2240
01.01.01.03.1.02250;SU.00017/2009;2239
01.01.01.03.1.02251;SU.00018/2009;2944
01.01.01.03.1.02252;SU.00019/2009;2943
01.01.01.03.1.02253;SU.00020/2009;3352
01.01.01.03.1.02254;SU.00021/2009;3163
01.01.01.03.1.02255;SU.00022/2009;3255
01.01.01.03.1.02256;SU.00023/2009;3353
01.01.01.03.1.02257;SU.00024/2009;2873
01.01.01.03.1.02258;SU.00025/2009;2874
01.01.01.03.1.02259;SU.00027/2009;2268
01.01.01.03.1.02260;SU.00001/2010;2264
01.01.01.03.1.02261;SU.00002/2010;2257
01.01.01.03.1.02262;SU.00006/2010;2258
01.01.01.03.1.02263;SU.00007/2010;2271
01.01.01.03.1.02264;SU.00008/2010;2265
01.01.01.03.1.02265;SU.00009/2010;2266
01.01.01.03.1.02266;SU.00010/2010;2269
01.01.01.03.1.02267;SU.00011/2010;2273
01.01.01.03.1.02268;SU.00015/2010;2270
01.01.01.03.1.02269;SU.00016/2010;2283
01.01.01.03.1.02270;SU.00012/2010;2276
01.01.01.03.1.02271;SU.00013/2010;2277
01.01.01.03.1.02272;SU.00014/2010;2278
01.01.01.03.1.02273;SU.00021/2010;2274
01.01.01.03.1.02274;SU.00020/2010;2272
01.01.01.03.1.02275;SU.00022/2010;2282
01.01.01.03.1.02276;SU.00024/2010;2279
01.01.01.03.1.02277;SU.00023/2010;2280
01.01.01.03.1.02278;SU.00026/2010;2287
01.01.01.03.1.02279;SU.00025/2010;2281
01.01.01.03.1.02280;SU.00018/2010;2286
01.01.01.03.1.02281;SU.00027/2010;2290
01.01.01.03.1.02282;SU.00035/2010;2289
01.01.01.03.1.02283;SU.00033/2010;2291
01.01.01.03.1.02284;SU.00034/2010;2288
01.01.01.03.1.02285;SU.00028/2010;2294
01.01.01.03.1.02286;SU.00029/2010;2295
01.01.01.03.1.02287;SU.00030/2010;2296
01.01.01.03.1.02288;SU.00031/2010;2297
01.01.01.03.1.02289;SU.00032/2010;2298
01.01.01.03.1.02290;SU.00040/2010;2023
01.01.01.03.1.02291;SU.00039/2010;2303
01.01.01.03.1.02292;SU.00038/2010;2292
01.01.01.03.1.02294;SU.00041/2010;2307
01.01.01.03.1.02295;SU.00042/2010;2306
01.01.01.03.1.02296;SU.00036/2010;2299
01.01.01.03.1.02297;SU.00037/2010;2300
01.01.01.03.1.02298;SU.00002/2011;2311
01.01.01.03.1.02299;SU.00003/2011;2312
01.01.01.03.1.02300;SU.00004/2011;2316
01.01.01.03.1.02301;SU.00007/2011;2305
01.01.01.03.1.02302;SU.00006/2011;2304
01.01.01.03.1.02303;SU.00005/2011;2322
01.01.01.03.1.02304;SU.00009/2011;2313
01.01.01.03.1.02305;SU.00010/2011;2310
01.01.01.03.1.02306;SU.00014/2011;2314
01.01.01.03.1.02307;SU.00008/2011;2326
01.01.01.03.1.02308;SU.00015/2011;2325
01.01.01.03.1.02309;SU.00019/2011;2324
01.01.01.03.1.02310;SU.00017/2011;2334
01.01.01.03.1.02311;SU.00018/2011;2335
01.01.01.03.1.02312;SU.00016/2011;2333
01.01.01.03.1.02313;SU.00020/2011;2336
01.01.01.03.1.02315;SU.00024/2011;2329
01.01.01.03.1.02316;SU.00023/2011;2327
01.01.01.03.1.02316;SU.00300/2017;2327
01.01.01.03.1.02317;SU.00021/2011;2338
01.01.01.03.1.02318;SU.00025/2011;2330
01.01.01.03.1.02319;SU.00026/2011;2344
01.01.01.03.1.02320;SU.00029/2011;2339
01.01.01.03.1.02321;SU.00027/2011;2347
01.01.01.03.1.02322;SU.00028/2011;2337
01.01.01.03.1.02323;SU.00030/2011;2350
01.01.01.03.1.02324;SU.00044/2011;2356
01.01.01.03.1.02325;SU.00045/2011;2355
01.01.01.03.1.02326;SU.00046/2011;2359
01.01.01.03.1.02327;SU.00047/2011;2358
01.01.01.03.1.02328;SU.00048/2011;2362
01.01.01.03.1.02329;SU.00049/2011;2363
01.01.01.03.1.02330;SU.00050/2011;2354
01.01.01.03.1.02331;SU.00051/2011;2353
01.01.01.03.1.02332;SU.00052/2011;2361
01.01.01.03.1.02333;SU.00053/2011;2360
01.01.01.03.1.02334;SU.00054/2011;2357
01.01.01.03.1.02335;SU.00032/2011;2410
01.01.01.03.1.02336;SU.00033/2011;2411
01.01.01.03.1.02337;SU.00034/2011;2412
01.01.01.03.1.02338;SU.00035/2011;2413
01.01.01.03.1.02339;SU.00036/2011;2414
01.01.01.03.1.02340;SU.00037/2011;2415
01.01.01.03.1.02341;SU.00038/2011;2416
01.01.01.03.1.02342;SU.00039/2011;2417
01.01.01.03.1.02343;SU.00040/2011;2418
01.01.01.03.1.02344;SU.00041/2011;2419
01.01.01.03.1.02345;SU.00042/2011;2420
01.01.01.03.1.02346;SU.00056/2011;2375
01.01.01.03.1.02347;SU.00057/2011;2373
01.01.01.03.1.02348;SU.00058/2011;2374
01.01.01.03.1.02349;SU.00059/2011;2366
01.01.01.03.1.02350;SU.00060/2011;2378
01.01.01.03.1.02351;SU.00061/2011;2379
01.01.01.03.1.02352;SU.00062/2011;2365
01.01.01.03.1.02353;SU.00063/2011;2380
01.01.01.03.1.02354;SU.00064/2011;2381
01.01.01.03.1.02355;SU.00065/2011;2382
01.01.01.03.1.02356;SU.00066/2011;2383
01.01.01.03.1.02357;SU.00067/2011;2377
01.01.01.03.1.02358;SU.00068/2011;2390
01.01.01.03.1.02359;SU.00069/2011;2391
01.01.01.03.1.02360;SU.00070/2011;2393
01.01.01.03.1.02361;SU.00071/2011;2392
01.01.01.03.1.02362;SU.00072/2011;2384
01.01.01.03.1.02363;SU.00073/2011;2385
01.01.01.03.1.02364;SU.00074/2011;2386
01.01.01.03.1.02365;SU.00075/2011;2387
01.01.01.03.1.02366;SU.00076/2011;2388
01.01.01.03.1.02367;SU.00077/2011;2389
01.01.01.03.1.02368;SU.00078/2011;2400
01.01.01.03.1.02369;SU.00079/2011;2399
01.01.01.03.1.02370;SU.00080/2011;2398
01.01.01.03.1.02371;SU.00081/2011;2397
01.01.01.03.1.02372;SU.00082/2011;2396
01.01.01.03.1.02373;SU.00083/2011;2395
01.01.01.03.1.02374;SU.00084/2011;2394
01.01.01.03.1.02375;SU.00085/2011;2401
01.01.01.03.1.02376;SU.00086/2011;2372
01.01.01.03.1.02377;SU.00087/2011;2371
01.01.01.03.1.02378;SU.00088/2011;2370
01.01.01.03.1.02379;SU.00089/2011;2369
01.01.01.03.1.02380;SU.00090/2011;2368
01.01.01.03.1.02381;SU.00091/2011;2367
01.01.01.03.1.02382;SU.00092/2011;2376
01.01.01.03.1.02383;SU.00043/2011;2421
01.01.01.03.1.02384;SU.00093/2011;2406
01.01.01.03.1.02385;SU.00094/2011;2408
01.01.01.03.1.02386;SU.00095/2011;2402
01.01.01.03.1.02387;SU.00096/2011;2403
01.01.01.03.1.02388;SU.00097/2011;2404
01.01.01.03.1.02389;SU.00098/2011;2405
01.01.01.03.1.02390;SU.00099/2011;2407
01.01.01.03.1.02391;SU.00003/2012;2342
01.01.01.03.1.02392;SU.00002/2012;2341
01.01.01.03.1.02393;SU.00001/2012;2340
01.01.01.03.1.02394;SU.00055/2011;2422
01.01.01.03.1.02395;SU.00005/2012;2425
01.01.01.03.1.02396;SU.00031/2011;2352
01.01.01.03.1.02397;SU.00012/2012;2345
01.01.01.03.1.02399;SU.00014/2012;2427
01.01.01.03.1.02400;SU.00007/2012;2428
01.01.01.03.1.02401;SU.00008/2012;2429
01.01.01.03.1.02402;SU.00009/2012;2430
01.01.01.03.1.02403;SU.00011/2012;2431
01.01.01.03.1.02404;SU.00010/2012;2432
01.01.01.03.1.02406;SU.00018/2012;2437
01.01.01.03.1.02407;SU.16/2012;3263
01.01.01.03.1.02408;SU.00017/2012;2436
01.01.01.03.1.02409;SU.00020/2012;2439
01.01.01.03.1.02410;SU.00021/2012;2834
01.01.01.03.1.02411;SU.00006/2012;2426
01.01.01.03.1.02413;SU.00022/2012;2443
01.01.01.03.1.02414;SU.00023/2012;2444
01.01.01.03.1.02415;SU.00003/2010;2267
01.01.01.03.1.02416;SU.00024/2012;2440
01.01.01.03.1.02417;SU.00025/2012;2442
01.01.01.03.1.02418;SU.00026/2012;2446
01.01.01.03.1.02420;SU.00030/2012;2445
01.01.01.03.1.02421;SU.00027/2012;2468
01.01.01.03.1.02422;SU.00028/2012;2469
01.01.01.03.1.02423;SU.00029/2012;2470
01.01.01.03.1.02424;SU.00032/2012;2450
01.01.01.03.1.02427;SU.00058/2012;2481
01.01.01.03.1.02428;SU.00043/2012;2454
01.01.01.03.1.02429;SU.00042/2012;2453
01.01.01.03.1.02430;SU.00041/2012;2452
01.01.01.03.1.02431;SU.00040/2012;2456
01.01.01.03.1.02432;SU.00039/2012;2451
01.01.01.03.1.02433;SU.00036/2012;2457
01.01.01.03.1.02434;SU.00035/2012;2455
01.01.01.03.1.02435;SU.00038/2012;2447
01.01.01.03.1.02436;SU.00037/2012;2448
01.01.01.03.1.02437;SU.00045/2012;2467
01.01.01.03.1.02438;SU.00044/2012;2484
01.01.01.03.1.02439;SU.00046/2012;2462
01.01.01.03.1.02440;SU.00047/2012;2458
01.01.01.03.1.02441;SU.00048/2012;2463
01.01.01.03.1.02442;SU.00049/2012;2464
01.01.01.03.1.02443;SU.00050/2012;2461
01.01.01.03.1.02444;SU.00051/2012;2466
01.01.01.03.1.02445;SU.00052/2012;2460
01.01.01.03.1.02446;SU.00053/2012;2459
01.01.01.03.1.02447;SU.00054/2012;2465
01.01.01.03.1.02448;SU.00055/2012;2471
01.01.01.03.1.02449;SU.00056/2012;2473
01.01.01.03.1.02450;SU.00057/2012;2472
01.01.01.03.1.02451;SU.00059/2012;2485
01.01.01.03.1.02452;SU.00060/2012;2482
01.01.01.03.1.02453;SU.00066/2012;2474
01.01.01.03.1.02454;SU.00064/2012;2487
01.01.01.03.1.02455;SU.00065/2012;2488
01.01.01.03.1.02456;SU.00061/2012;2489
01.01.01.03.1.02457;SU.00062/2012;2490
01.01.01.03.1.02458;SU.00063/2012;2491
01.01.01.03.1.02459;SU.00067/2012;2478
01.01.01.03.1.02460;SU.00068/2012;2475
01.01.01.03.1.02461;SU.00069/2012;2476
01.01.01.03.1.02462;SU.00070/2012;2477
01.01.01.03.1.02463;SU.00071/2013;2449
01.01.01.03.1.02464;SU.00072/2013;2492
01.01.01.03.1.02465;SU.00074/2013;2494
01.01.01.03.1.02466;SU.00075/2013;2483
01.01.01.03.1.02467;SU.00076/2013;2496
01.01.01.03.1.02468;SU.00077/2013;2497
01.01.01.03.1.02469;SU.00078/2013;2498
01.01.01.03.1.02470;SU.00079/2013;2499
01.01.01.03.1.02471;SU.00080/2013;2500
01.01.01.03.1.02472;SU.00081/2013;2501
01.01.01.03.1.02473;SU.00082/2013;2502
01.01.01.03.1.02474;SU.00083/2013;2503
01.01.01.03.1.02475;SU.00084/2013;2504
01.01.01.03.1.02476;SU.00085/2013;2505
01.01.01.03.1.02477;SU.00086/2013;2506
01.01.01.03.1.02478;SU.00087/2013;2507
01.01.01.03.1.02479;SU.00088/2013;2508
01.01.01.03.1.02480;SU.00089/2013;2509
01.01.01.03.1.02481;SU.00090/2013;2493
01.01.01.03.1.02482;SU.00091/2013;2512
01.01.01.03.1.02483;SU.00092/2013;2510
01.01.01.03.1.02484;SU.00093/2013;2511
01.01.01.03.1.02485;SU.00094/2013;2513
01.01.01.03.1.02486;SU.00095/2013;2514
01.01.01.03.1.02487;SU.00096/2013;2495
01.01.01.03.1.02488;SU.00097/2013;2515
01.01.01.03.1.02489;SU.00098/2013;2516
01.01.01.03.1.02490;SU.00099/2013;2517
01.01.01.03.1.02491;SU.00100/2013;2518
01.01.01.03.1.02492;SU.00101/2013;2519
01.01.01.03.1.02493;SU.00102/2013;2520
01.01.01.03.1.02494;SU.00103/2013;2521
01.01.01.03.1.02495;SU.00104/2013;2522
01.01.01.03.1.02496;SU.00105/2013;2523
01.01.01.03.1.02497;SU.00106/2013;2524
01.01.01.03.1.02498;SU.00115/2013;2535
01.01.01.03.1.02499;SU.00109/2013;2530
01.01.01.03.1.02500;SU.00108/2013;2531
01.01.01.03.1.02501;SU.00111/2013;2534
01.01.01.03.1.02502;SU.00107/2013;2527
01.01.01.03.1.02503;SU.00112/2013;2533
01.01.01.03.1.02504;SU.00113/2013;2532
01.01.01.03.1.02505;SU.00114/2013;2528
01.01.01.03.1.02506;SU.00110/2013;2529
01.01.01.03.1.02507;SU.00117/2013;2542
01.01.01.03.1.02508;SU.00118/2013;2544
01.01.01.03.1.02509;SU.00119/2013;2545
01.01.01.03.1.02510;SU.00120/2013;2546
01.01.01.03.1.02511;SU.00122/2013;2548
01.01.01.03.1.02512;SU.00123/2013;2549
01.01.01.03.1.02513;SU.00125/2013;2551
01.01.01.03.1.02514;SU.00126/2013;2554
01.01.01.03.1.02515;SU.00116/2013;2540
01.01.01.03.1.02516;SU.00121/2013;2547
01.01.01.03.1.02517;SU.00129/2014;2558
01.01.01.03.1.02518;SU.00130/2014;2559
01.01.01.03.1.02519;SU.00131/2014;2560
01.01.01.03.1.02520;SU.00132/2014;2561
01.01.01.03.1.02521;SU.00133/2014;2562
01.01.01.03.1.02522;SU.00135/2014;2566
01.01.01.03.1.02523;SU.00136/2014;2567
01.01.01.03.1.02524;SU.00137/2014;2568
01.01.01.03.1.02525;SU.00138/2014;2569
01.01.01.03.1.02526;SU.00139/2014;2570
01.01.01.03.1.02527;SU.00140/2014;2571
01.01.01.03.1.02528;SU.00141/2014;2572
01.01.01.03.1.02529;SU.00142/2014;2573
01.01.01.03.1.02530;SU.00143/2014;2574
01.01.01.03.1.02531;SU.00152/2014;2583
01.01.01.03.1.02532;SU.00153/2014;2584
01.01.01.03.1.02533;SU.00156/2014;2588
01.01.01.03.1.02534;SU.00128/2014;2556
01.01.01.03.1.02535;SU.00157/2014;2589
01.01.01.03.1.02536;SU.00158/2014;2590
01.01.01.03.1.02537;SU.00160/2014;2592
01.01.01.03.1.02538;SU.00161/2014;2593
01.01.01.03.1.02539;SU.00162/2014;2594
01.01.01.03.1.02540;SU.00163/2014;2595
01.01.01.03.1.02541;SU.00164/2014;2599
01.01.01.03.1.02542;SU.00149/2014;2579
01.01.01.03.1.02543;SU.00148/2014;2581
01.01.01.03.1.02544;SU.00150/2014;2580
01.01.01.03.1.02545;SU.00147/2014;2577
01.01.01.03.1.02546;SU.00146/2014;2576
01.01.01.03.1.02547;SU.00145/2014;2578
01.01.01.03.1.02548;SU.00151/2014;2582
01.01.01.03.1.02549;SU.00167/2014;2600
01.01.01.03.1.02550;SU.00154/2014;2587
01.01.01.03.1.02551;SU.00155/2014;2586
01.01.01.03.1.02552;SU.00169/2014;2603
01.01.01.03.1.02553;SU.00170/2014;2604
01.01.01.03.1.02554;SU.00171/2014;2605
01.01.01.03.1.02555;SU.00144/2014;2575
01.01.01.03.1.02556;SU.00173/2014;2607
01.01.01.03.1.02557;SU.00174/2014;2608
01.01.01.03.1.02558;SU.00168/2014;2601
01.01.01.03.1.02559;SU.00172/2014;2606
01.01.01.03.1.02560;SU.00165/2014;2598
01.01.01.03.1.02561;SU.00177/2014;2611
01.01.01.03.1.02563;SU.00182/2014;2618
01.01.01.03.1.02564;SU.00178/2014;2612
01.01.01.03.1.02565;SU.00183/2015;2620
01.01.01.03.1.02566;SU.00184/2015;2621
01.01.01.03.1.02567;SU.00180/2014;2616
01.01.01.03.1.02568;SU.00181/2014;2617
01.01.01.03.1.02569;SU.00186/2015;2623
01.01.01.03.1.02570;SU.00187/2015;2624
01.01.01.03.1.02571;SU.00188/2015;2625
01.01.01.03.1.02572;SU.00190/2015;2629
01.01.01.03.1.02573;SU.00191/2015;2628
01.01.01.03.1.02574;SU.00198/2015;2636
01.01.01.03.1.02575;SU.00199/2015;2637
01.01.01.03.1.02576;SU.00200/2015;2638
01.01.01.03.1.02577;SU.00201/2015;2639
01.01.01.03.1.02578;SU.00202/2015;2640
01.01.01.03.1.02579;SU.00203/2015;2641
01.01.01.03.1.02580;SU.00204/2015;2642
01.01.01.03.1.02581;SU.00205/2015;2643
01.01.01.03.1.02582;SU.00206/2015;2644
01.01.01.03.1.02583;SU.00207/2015;2645
01.01.01.03.1.02584;SU.00221/2015;2660
01.01.01.03.1.02585;SU.00222/2015;2661
01.01.01.03.1.02586;SU.00223/2015;2662
01.01.01.03.1.02587;SU.00224/2015;2663
01.01.01.03.1.02588;SU.00225/2015;2664
01.01.01.03.1.02589;SU.00226/2015;2665
01.01.01.03.1.02590;SU.00227/2015;2666
01.01.01.03.1.02591;SU.00228/2015;2667
01.01.01.03.1.02592;SU.00189/2015;2627
01.01.01.03.1.02593;SU.00185/2015;2622
01.01.01.03.1.02594;SU.00194/2015;2632
01.01.01.03.1.02595;SU.00195/2015;2633
01.01.01.03.1.02596;SU.00193/2015;2631
01.01.01.03.1.02597;SU.00192/2015;2630
01.01.01.03.1.02598;SU.00197/2015;2635
01.01.01.03.1.02599;SU.00196/2015;2634
01.01.01.03.1.02600;SU.00208/2015;2647
01.01.01.03.1.02601;SU.00217/2015;2654
01.01.01.03.1.02602;SU.00209/2015;2648
01.01.01.03.1.02603;SU.00210/2015;2655
01.01.01.03.1.02604;SU.00211/2015;2657
01.01.01.03.1.02605;SU.00212/2015;2656
01.01.01.03.1.02606;SU.00213/2015;2651
01.01.01.03.1.02607;SU.00214/2015;2649
01.01.01.03.1.02608;SU.00215/2015;2653
01.01.01.03.1.02609;SU.00218/2015;2650
01.01.01.03.1.02610;SU.00216/2015;2652
01.01.01.03.1.02611;SU.00220/2015;2659
01.01.01.03.1.02612;SU.00219/2015;2658
01.01.01.03.1.02613;SU.00229/2015;2646
01.01.01.03.1.02614;SU.00232/2015;2670
01.01.01.03.1.02615;SU.00233/2015;2671
01.01.01.03.1.02616;SU.00230/2015;2668
01.01.01.03.1.02617;SU.00231/2015;2669
01.01.01.03.1.02618;SU.00236/2016;2675
01.01.01.03.1.02619;SU.00239/2016;2676
01.01.01.03.1.02620;SU.00176/2014;2609
01.01.01.03.1.02621;SU.00240/2016;2678
01.01.01.03.1.02622;SU.00241/2016;2679
01.01.01.03.1.02623;SU.00242/2016;2680
01.01.01.03.1.02624;SU.00243/2016;2681
01.01.01.03.1.02625;SU.00234/2015;2672
01.01.01.03.1.02626;SU.00235/2015;2673
01.01.01.03.1.02627;SU.00247/2016;2686
01.01.01.03.1.02628;SU.00248/2016;2688
01.01.01.03.1.02629;SU.00249/2016;2689
01.01.01.03.1.02630;SU.00250/2016;2690
01.01.01.03.1.02631;SU.00254/2016;2694
01.01.01.03.1.02632;SU.00255/2016;2695
01.01.01.03.1.02633;SU.00256/2016;2696
01.01.01.03.1.02634;SU.00245/2016;2684
01.01.01.03.1.02635;SU.00246/2016;2685
01.01.01.03.1.02636;SU.00258/2016;2699
01.01.01.03.1.02637;SU.00259/2016;2700
01.01.01.03.1.02639;SU.00244/2016;2683
01.01.01.03.1.02640;SU.00237/2016;2674
01.01.01.03.1.02641;SU.00263/2016;2705
01.01.01.03.1.02642;SU.00252/2016;2691
01.01.01.03.1.02643;SU.00253/2016;2692
01.01.01.03.1.02644;SU.00251/2016;2693
01.01.01.03.1.02645;SU.00257/2016;2697
01.01.01.03.1.02646;SU.00264/2016;2710
01.01.01.03.1.02647;SU.00265/2016;2709
01.01.01.03.1.02648;SU.00266/2016;2711
01.01.01.03.1.02649;SU.00267/2016;2712
01.01.01.03.1.02650;SU.00268/2016;2713
01.01.01.03.1.02651;SU.00269/2016;2714
01.01.01.03.1.02652;SU.00270/2016;2715
01.01.01.03.1.02653;SU.00261/2016;2702
01.01.01.03.1.02654;SU.00262/2016;2704
01.01.01.03.1.02655;SU.00273/2016;2720
01.01.01.03.1.02656;SU.00272/2016;2717
01.01.01.03.1.02657;SU.00275/2016;2722
01.01.01.03.1.02658;SU.00280/2016;2732
01.01.01.03.1.02659;SU.00281/2016;2736
01.01.01.03.1.02660;SU.00282/2016;2737
01.01.01.03.1.02661;SU.00283/2016;2738
01.01.01.03.1.02662;SU.00284/2016;2739
01.01.01.03.1.02663;SU.00285/2016;2741
01.01.01.03.1.02664;SU.00286/2016;2742
01.01.01.03.1.02665;SU.00287/2016;2743
01.01.01.03.1.02666;SU.00288/2016;2744
01.01.01.03.1.02667;SU.00289/2016;2745
01.01.01.03.1.02668;SU.00290/2016;2746
01.01.01.03.1.02669;SU.00291/2016;2747
01.01.01.03.1.02670;SU.00292/2016;2748
01.01.01.03.1.02671;SU.00274/2016;2721
01.01.01.03.1.02672;SU.00271/2016;2719
01.01.01.03.1.02673;SU.00294/2016;2750
01.01.01.03.1.02674;SU.00276/2016;2725
01.01.01.03.1.02675;SU.00296/2017;2754
01.01.01.03.1.02676;SU.00295/2017;2756
01.01.01.03.1.02677;SU.00277/2016;2728
01.01.01.03.1.02678;SU.00278/2016;2729
01.01.01.03.1.02679;SU.00298/2017;2759
01.01.01.03.1.02680;SU.00279/2016;2730
01.01.01.03.1.02681;SU.00299/2017;2763
01.01.01.03.1.02682;SU.00293/2016;2749
01.01.01.03.1.02683;SU.00301/2017;2766
01.01.01.03.1.02684;SU.00302/2017;2767
01.01.01.03.1.02685;SU.00303/2017;2768
01.01.01.03.1.02686;SU.00304/2017;2769
01.01.01.03.1.02687;SU.00305/2017;2770
01.01.01.03.1.02688;SU.00306/2017;2771
01.01.01.03.1.02689;SU.00309/2017;2773
01.01.01.03.1.02690;SU.00310/2017;2774
01.01.01.03.1.02691;SU.00297/2017;2755
01.01.01.03.1.02692;SU.00311/2017;2777
01.01.01.03.1.02693;SU.00315/2017;2783
01.01.01.03.1.02694;SU.00316/2017;2784
01.01.01.03.1.02695;SU.00312/2017;2780
01.01.01.03.1.02696;SU.00321/2017;2788
01.01.01.03.1.02697;SU.00317/2017;2787
01.01.01.03.1.02699;SU.00324/2017;2794
01.01.01.03.1.02700;SU.00323/2017;2793
01.01.01.03.1.02701;SU.00318/2017;2791
01.01.01.03.1.02702;SU.00319/2017;2792
01.01.01.03.1.02703;SU.00329/2018;2799
01.01.01.03.1.02704;SU.00005/1999;2758
01.01.01.03.1.02705;SU.00002/1999;2765
01.01.01.03.1.02706;SU.00331/2018;2801
01.01.01.03.1.02708;SU.00325/2018;2795
01.01.01.03.1.02709;SU.00335/2018;2806
01.01.01.03.1.02710;SU.00326/2018;2797
01.01.01.03.1.02711;SU.00327/2018;2796
01.01.01.03.1.02712;SU.00330/2018;2800
01.01.01.03.1.02713;SU.00333/2018;2804
01.01.01.03.1.02714;SU.00334/2018;2805
01.01.01.03.1.02715;SU.00336/BEURAWE/2018;2808
01.01.01.03.1.02716;SU.00337/2018;2814
01.01.01.03.1.02717;SU.00338/2018;2819
01.01.01.03.1.02718;SU.00340/BEURAWE/2018;2823
01.01.01.03.1.02719;SU.00341/BEURAWE/2018;2824
01.01.01.03.1.02720;SU.00342/BEURAWE/2018;2825
01.01.01.03.1.02721;SU.00343/BEURAWE/2018;2826
01.01.01.03.1.02722;SU.00344/2018;2827
01.01.01.03.1.02723;SU.00347/2018;2828
01.01.01.03.1.02724;SU.00351/2019;2835
01.01.01.03.1.02725;SU.00352/2019;2836
01.01.01.03.1.02726;SU.00345/2018;2830
01.01.01.03.1.02727;SU.00346/2018;2829
01.01.01.03.1.02728;SU.00349/2018;2832
01.01.01.03.1.02729;SU.00354/2019;2841
01.01.01.03.1.02730;SU.00356/2019;2839
01.01.01.03.1.02731;SU.00348/2018;2831
01.01.01.03.1.02732;SU.00357/BEURAWE/2019;2846
01.01.01.03.1.02733;SU.00358/01010103/2019;2847
01.01.01.03.1.02734;SU.00350/2019;2833
01.01.01.03.1.02735;SU.00353/2019;2838
01.01.01.03.1.02736;SU.00364/2019;2853
01.01.01.03.1.02737;SU.00359/2019;2845
01.01.01.03.1.02738;SU.00355/BEURAWE/2019;2844
01.01.01.03.1.02739;SU.00365/BEURAWE/2019;2866
01.01.01.03.1.02740;SU.00360/2019;2848
01.01.01.03.1.02741;SU.00367/BEURAWE/2019;2859
01.01.01.03.1.02742;SU.00368/BEURAWE/2019;2857
01.01.01.03.1.02743;SU.00369/BEURAWE/2019;2856
01.01.01.03.1.02744;SU.00370/BEURAWE/2019;2858
01.01.01.03.1.02745;SU.00371/BEURAWE/2019;2860
01.01.01.03.1.02746;SU.00372/BEURAWE/2019;2854
01.01.01.03.1.02747;SU.00373/BEURAWE/2019;2855
01.01.01.03.1.02748;SU.00374/BEURAWE/2019;2862
01.01.01.03.1.02749;SU.00375/BEURAWE/2019;2863
01.01.01.03.1.02750;SU.00376/BEURAWE/2019;2864
01.01.01.03.1.02751;SU.00377/BEURAWE/2019;2865
01.01.01.03.1.02752;SU.00363/2019;2851
01.01.01.03.1.02753;SU.00378/BEURAWE/2019;2867
01.01.01.03.1.02754;SU.00379/BEURAWE/2019;2868
01.01.01.03.1.02755;SU.00381/BEURAWE/2019;2872
01.01.01.03.1.02756;SU.00382/BEURAWE/2019;2875
01.01.01.03.1.02757;SU.00384/BEURAWE/2020;2880
01.01.01.03.1.02758;SU.00383/BEURAWE/2020;2879
01.01.01.03.1.02759;SU.00388/2020;2881
01.01.01.03.1.02760;SU.00385/2020;2882
01.01.01.03.1.02761;SU.00386/2020;2883
01.01.01.03.1.02762;SU.00387/2020;2884
01.01.01.03.1.02763;SU.00392/BEURAWE/2020;2887
01.01.01.03.1.02764;SU.00393/BEURAWE/2020;2890
01.01.01.03.1.02765;SU.00394/BEURAWE/2020;2894
01.01.01.03.1.02766;SU.00389/BEURAWE/2020;2877
01.01.01.03.1.02767;SU.00395/BEURAWE/2020;2897
01.01.01.03.1.02768;SU.00391/BEURAWE/2020;2886
01.01.01.03.1.02769;SU.00403/2020;3109
01.01.01.03.1.02770;SU.00397/BEURAWE/2020;3104
01.01.01.03.1.02771;SU.00396/BEURAWE/2020;2896
01.01.01.03.1.02772;SU.00405/BEURAWE/2020;3113
01.01.01.03.1.02773;SU.00406/BEURAWE/2020;3114
01.01.01.03.1.02774;SU.00407/BEURAWE/2020;3115
01.01.01.03.1.02775;SU.00402/2020;3108
01.01.01.03.1.02776;SU.00398/2020;3105
01.01.01.03.1.02777;SU.00404/BEURAWE/2020;3111
01.01.01.03.1.02778;SU.00409/BEURAWE/2021;3117
01.01.01.03.1.02779;SU.00410/BEURAWE/2021;3118
01.01.01.03.1.02780;SU.00411/BEURAWE/2021;3119
01.01.01.03.1.02781;SU.00412/BEURAWE/2021;3120
01.01.01.03.1.02782;SU.00413/BEURAWE/2021;3164
01.01.01.03.1.02783;SU.00414/BEURAWE/2021;3187
01.01.01.03.1.02784;SU.00415/BEURAWE/2021;3188
01.01.01.03.1.02785;SU.00401/BEURAWE/2020;3107
01.01.01.03.1.02786;SU.00421/BEURAWE/2021;3254
01.01.01.03.1.02787;SU.00420/2021;3267
01.01.01.03.1.02788;SU.00416/BEURAWE/2021;3184
01.01.01.03.1.02789;SU.00417/BEURAWE/2021;3185
01.01.01.03.1.02790;SU.00419/BEURAWE/2021;3238
01.01.01.03.1.02791;SU.00418/BEURAWE/2021;3259
01.01.01.03.1.02792;SU.00422/2021;3243
01.01.01.03.1.02793;SU.00432/BEURAWE/2021;3239
01.01.01.03.1.02794;SU.00430/BEURAWE/2021;3221
01.01.01.03.1.02795;SU.00431/BEURAWE/2021;3240
01.01.01.03.1.02796;SU.00433/BEURAWE/2021;3234
01.01.01.03.1.02797;SU.00423/BEURAWE/2021;3224
01.01.01.03.1.02798;SU.00427/BEURAWE/2021;3271
01.01.01.03.1.02799;SU.00426/BEURAWE/2021;3273
01.01.01.03.1.02800;SU.00425/BEURAWE/2021;3274
01.01.01.03.1.02801;SU.00424/BEURAWE/2021;3275
01.01.01.03.1.02802;SU.00429/BEURAWE/2021;3272
01.01.01.03.1.02803;SU.00428/BEURAWE/2021;3270
01.01.01.03.1.02804;SU.00435/BEURAWE/2021;3212
01.01.01.03.1.02805;SU.00437/BEURAWE/2021;3230
01.01.01.03.1.02806;SU.00436/BEURAWE/2021;3281
01.01.01.03.1.02807;SU.00434/BEURAWE/2021;3280
01.01.01.03.1.02808;SU.00438/BEURAWE/2021;3283
01.01.01.03.1.02809;SU.00439/BEURAWE/2021;3284
01.01.01.03.1.02810;SU.00440/BEURAWE/2021;3285
01.01.01.03.1.02811;SU.00441/BEURAWE/2021;3223
01.01.01.03.1.02812;SU.00452/BEURAWE/2021;3354
01.01.01.03.1.02813;SU.00451/BEURAWE/2021;3241
01.01.01.03.1.02814;SU.00450/BEURAWE/2021;3344
01.01.01.03.1.02815;SU.00449/BEURAWE/2021;3343
01.01.01.03.1.02816;SU.00444/BEURAWE/2021;3347
01.01.01.03.1.02817;SU.00447/BEURAWE/2021;3342
01.01.01.03.1.02818;SU.00446/BEURAWE/2021;3345
01.01.01.03.1.02819;SU.00448/BEURAWE/2021;3341
01.01.01.03.1.02820;SU.00445/BEURAWE/2021;3346
01.01.01.03.1.02821;SU.00453/BEURAWE/2021;3207
01.01.01.03.1.02822;SU.00454/BEURAWE/2021;3208
01.01.01.03.1.02823;SU.00455/BEURAWE/2021;3244
01.01.01.03.3.00001;null;null
01.01.01.03.3.00002;SU.00002/1998;2753
01.01.01.03.3.00009;GS.00301/1996;3143
01.01.01.03.3.00010;GS.01663/1997;3144
01.01.01.03.3.00013;SU.41/1998;3261
01.01.01.03.3.00015;SU.00001/1998;3195
01.01.01.03.3.00016;SU.00017/2000;115
01.01.01.03.3.02001;SU.00026/2009;3194
01.01.01.03.3.02002;SU.00001/2011;2309
01.01.01.03.3.02004;SU.00073/2013;2486
01.01.01.03.3.02005;SU.00179/2014;2613
01.01.01.03.3.02006;SU.00314/2017;2782
01.01.01.03.3.02007;SU.00366/2019;2869
01.01.01.03.3.02008;SU.00408/BEURAWE/2020;3116
01.01.01.03.4.00003;GS.00332/1980;2820
01.01.01.03.4.00004;SUS.00064/1983;3175
01.01.01.03.4.00007;GS.00360/1979;3161
01.01.01.03.4.00008;GS.00003/1991;3264
01.01.01.03.4.00009;GS.00765/1990;3141
01.01.01.03.4.00011;GS.00969/1995;3142
01.01.01.03.4.00012;GS.00666/1996;3176
01.01.01.03.4.00013;GS.00663/1996;3177
01.01.01.03.4.00015;SU.00003/1998;3173
01.01.01.03.4.00016;SU.00005/2003;157
01.01.01.03.4.00017;PLL.00049/2003;250
01.01.01.03.4.02001;SU.00046/2008;2231
01.01.01.03.4.02002;SU.00004/2010;3110
01.01.01.03.4.02003;SU.00013/2011;2318
01.01.01.03.4.02004;SU.00012/2011;2320
01.01.01.03.4.02005;SU.00011/2011;2319
01.01.01.03.4.02007;SU.00362/2019;2850
01.01.01.03.4.02008;SU.00361/2019;2849
01.01.01.03.4.02009;SU.00390/01010103/2020;2885
01.01.01.03.8.02134;null;null
