01.01.01.06.1.00001;GS.00116/1972;null
01.01.01.06.1.00003;GS.00044/1973;2162
01.01.01.06.1.00005;SU.00015/1999;54
01.01.01.06.1.00006;GS.00040/1964;null
01.01.01.06.1.00007;GS.00029/1968;null
01.01.01.06.1.00010;GT.00147/1977;2672
01.01.01.06.1.00011;GS.00138/1976;null
01.01.01.06.1.00012;GS.00014/1978;2315
01.01.01.06.1.00013;GS.00084/1974;2168
01.01.01.06.1.00014;GS.00017/1977;2194
01.01.01.06.1.00015;GS.00025/1978;null
01.01.01.06.1.00016;GS.00123/1976;2693
01.01.01.06.1.00018;GS.00142/1976;2691
01.01.01.06.1.00019;GS.00013/1967;null
01.01.01.06.1.00020;GS.00084/1967;null
01.01.01.06.1.00021;GS.00088/1977;null
01.01.01.06.1.00022;GS.00047/1978;2692
01.01.01.06.1.00023;GS.00061/1978;null
01.01.01.06.1.00024;GS.00136/1975;null
01.01.01.06.1.00026;GS.00016/1971;2694
01.01.01.06.1.00027;GS.00149/1978;null
01.01.01.06.1.00028;GS.00080/1978;537
01.01.01.06.1.00029;GS.00168/1978;null
01.01.01.06.1.00030;GS.00163/1978;null
01.01.01.06.1.00031;GS.00090/1978;null
01.01.01.06.1.00032;GS.00080/1976;null
01.01.01.06.1.00033;GS.00126/1978;null
01.01.01.06.1.00034;GS.00087/1978;2669
01.01.01.06.1.00035;GS.00241/1977;null
01.01.01.06.1.00036;GS.00146/1978;null
01.01.01.06.1.00037;GS.01900/1900;null
01.01.01.06.1.00038;GS.00093/1974;null
01.01.01.06.1.00039;GS.00232/1977;null
01.01.01.06.1.00041;GS.00069/1978;2331
01.01.01.06.1.00042;GS.00100/1979;2427
01.01.01.06.1.00043;GS.00089/1978;2428
01.01.01.06.1.00044;GS.00099/1978;null
01.01.01.06.1.00045;GS.00121/1979;2205
01.01.01.06.1.00046;GS.00096/1978;2429
01.01.01.06.1.00048;GS.00149/1979;2635
01.01.01.06.1.00049;GS.00208/1978;2636
01.01.01.06.1.00050;GS.00007/1977;2637
01.01.01.06.1.00054;GS.00041/1971;2638
01.01.01.06.1.00055;GS.00171/1977;2301
01.01.01.06.1.00056;GS.00445/1980;2639
01.01.01.06.1.00057;GS.00008/1980;2173
01.01.01.06.1.00058;GS.00005/1968;2252
01.01.01.06.1.00059;GS.00275/1979;2158
01.01.01.06.1.00061;GS.00297/1979;2319
01.01.01.06.1.00062;GS.00186/1980;2640
01.01.01.06.1.00063;GS.00009/1971;2177
01.01.01.06.1.00063;SU.00044/2014;2177
01.01.01.06.1.00064;GS.00045/1979;2623
01.01.01.06.1.00065;GS.00073/1977;2624
01.01.01.06.1.00066;GT.00243/1980;null
01.01.01.06.1.00067;GS.00102/1979;2239
01.01.01.06.1.00068;GS.00121/1980;2625
01.01.01.06.1.00069;GS.00003/1966;null
01.01.01.06.1.00071;GS.00105/1975;2626
01.01.01.06.1.00073;GS.00130/1978;2627
01.01.01.06.1.00074;GS.00073/1971;null
01.01.01.06.1.00075;GS.00211/1980;2628
01.01.01.06.1.00076;GS.00004/1980;2629
01.01.01.06.1.00077;GS.00068/1978;2630
01.01.01.06.1.00078;GS.00428/1980;2631
01.01.01.06.1.00079;SU.00111/LAKSANA/2020;2632
01.01.01.06.1.00079;GS.00188/1979;2632
01.01.01.06.1.00080;GS.00233/1979;null
01.01.01.06.1.00081;GS.00174/1980;null
01.01.01.06.1.00083;GS.00290/1979;2633
01.01.01.06.1.00084;SU.00075/2016;2216
01.01.01.06.1.00084;SU.00075/2020;8
01.01.01.06.1.00084;GS.00082/1979;2216
01.01.01.06.1.00084;SU.00075/2016;75
01.01.01.06.1.00085;GS.00212/1980;2634
01.01.01.06.1.00086;GS.00091/1980;null
01.01.01.06.1.00087;GS.00098/1980;null
01.01.01.06.1.00088;GS.00081/1981;2613
01.01.01.06.1.00089;GS.00053/1977;2614
01.01.01.06.1.00090;GS.00066/1980;2615
01.01.01.06.1.00091;GT.00037/1967;2616
01.01.01.06.1.00092;GS.00037/1967;2617
01.01.01.06.1.00093;GS.00004/1979;2618
01.01.01.06.1.00094;GS.00170/1980;2619
01.01.01.06.1.00095;GS.00051/1979;null
01.01.01.06.1.00096;SU.00046/1972;2078
01.01.01.06.1.00097;GS.00143/1979;2612
01.01.01.06.1.00098;SU.00169/1980;2232
01.01.01.06.1.00100;GS.00046/1972;2620
01.01.01.06.1.00101;SU.00006/2005;2271
01.01.01.06.1.00102;GS.00084/1980;2621
01.01.01.06.1.00103;GS.00077/1970;2180
01.01.01.06.1.00104;GS.00004/1977;2183
01.01.01.06.1.00105;GS.00259/1980;2622
01.01.01.06.1.00106;GS.00223/1980;null
01.01.01.06.1.00107;GS.00285/1981;2189
01.01.01.06.1.00108;SU.00089/2018;2278
01.01.01.06.1.00108;GS.00028/1976;2278
01.01.01.06.1.00109;GS.00231/1980;2111
01.01.01.06.1.00110;GS.00069/1981;2599
01.01.01.06.1.00113;GS.00354/1980;2601
01.01.01.06.1.00113;SU.00354/1980;2601
01.01.01.06.1.00114;GS.00078/1979;2602
01.01.01.06.1.00115;GS.00013/1971;2603
01.01.01.06.1.00116;GS.00214/1980;2604
01.01.01.06.1.00117;GS.00023/1981;2605
01.01.01.06.1.00118;GS.00010/1981;2606
01.01.01.06.1.00119;GS.00045/1981;2607
01.01.01.06.1.00120;GS.00167/1981;null
01.01.01.06.1.00121;GS.00425/1980;2608
01.01.01.06.1.00122;GS.00077/1974;2609
01.01.01.06.1.00123;GS.00033/1979;2610
01.01.01.06.1.00124;SU.00059/1978;null
01.01.01.06.1.00126;GS.00146/1981;2611
01.01.01.06.1.00127;GS.00420/1980;2588
01.01.01.06.1.00128;GS.00363/1981;2589
01.01.01.06.1.00129;SUS.00130/1981;2590
01.01.01.06.1.00131;SUS.00127/1981;2591
01.01.01.06.1.00132;SUS.00128/1981;2592
01.01.01.06.1.00133;SUS.00129/1981;2679
01.01.01.06.1.00134;SUS.00133/1981;null
01.01.01.06.1.00135;SUS.00251/1978;null
01.01.01.06.1.00136;SUS.00134/1981;2309
01.01.01.06.1.00137;SUS.00099/1981;2593
01.01.01.06.1.00139;SUS.00101/1981;2594
01.01.01.06.1.00140;GS.00102/1981;2307
01.01.01.06.1.00141;SUS.00103/1981;2595
01.01.01.06.1.00142;GS.00166/1981;2596
01.01.01.06.1.00143;GS.00067/1970;2597
01.01.01.06.1.00144;GS.00202/1981;2696
01.01.01.06.1.00145;SUS.00067/1981;2598
01.01.01.06.1.00147;SU.00058/1978;null
01.01.01.06.1.00149;SU.00029/1981;2578
01.01.01.06.1.00150;GS.00125/1979;2579
01.01.01.06.1.00151;PLL.00097/1979;2279
01.01.01.06.1.00152;GS.00139/1981;2580
01.01.01.06.1.00153;GS.00113/1981;2581
01.01.01.06.1.00155;GS.00107/1981;2582
01.01.01.06.1.00156;SUS.00072/1981;2583
01.01.01.06.1.00158;SUS.00088/1981;2584
01.01.01.06.1.00159;SUS.00085/1981;2161
01.01.01.06.1.00160;SUS.00078/1981;null
01.01.01.06.1.00161;SU.00056/2015;2200
01.01.01.06.1.00161;SUS.00126/1981;2200
01.01.01.06.1.00162;SUS.00114/1981;2585
01.01.01.06.1.00163;SUS.00036/1967;2586
01.01.01.06.1.00165;SUS.00119/1981;null
01.01.01.06.1.00166;SUS.00120/1981;2229
01.01.01.06.1.00167;SUS.00074/1981;2587
01.01.01.06.1.00168;SUS.00143/1981;2329
01.01.01.06.1.00169;SUS.00141/1981;null
01.01.01.06.1.00170;GS.00140/1981;null
01.01.01.06.1.00171;SUS.00111/1981;2569
01.01.01.06.1.00174;SUS.00083/1981;2294
01.01.01.06.1.00175;SUS.00082/1981;2570
01.01.01.06.1.00176;SUS.00121/1981;2571
01.01.01.06.1.00179;GS.00098/1981;2069
01.01.01.06.1.00180;SUS.00089/1981;2572
01.01.01.06.1.00181;SUS.00091/1981;2573
01.01.01.06.1.00182;SUS.00252/1981;2260
01.01.01.06.1.00183;SUS.00247/1981;2574
01.01.01.06.1.00184;SUS.00093/1981;2076
01.01.01.06.1.00185;GS.00071/1981;2575
01.01.01.06.1.00186;GS.00076/1971;2576
01.01.01.06.1.00187;GS.00433/1981;2577
01.01.01.06.1.00188;GS.00041/1973;2154
01.01.01.06.1.00189;GS.00123/1981;null
01.01.01.06.1.00190;GS.00144/1981;2559
01.01.01.06.1.00191;GS.00132/1981;2560
01.01.01.06.1.00192;GS.00048/1981;2561
01.01.01.06.1.00193;GS.00258/1981;2562
01.01.01.06.1.00194;GS.00258/1981;2562
01.01.01.06.1.00195;GS.00056/1976;null
01.01.01.06.1.00196;GS.00034/1968;2563
01.01.01.06.1.00197;GS.00138/1981;2564
01.01.01.06.1.00198;GS.00170/1981;2565
01.01.01.06.1.00199;GS.00245/1981;2150
01.01.01.06.1.00200;PLL.00147/1981;2346
01.01.01.06.1.00200;GS.00147/1981;2346
01.01.01.06.1.00202;SU.00171/1981;null
01.01.01.06.1.00203;SU.00353/1981;2566
01.01.01.06.1.00205;SU.00419/1981;2267
01.01.01.06.1.00206;SU.00421/1981;2567
01.01.01.06.1.00207;SU.00391/1981;2568
01.01.01.06.1.00208;SUS.00148/1981;null
01.01.01.06.1.00209;SUS.00077/1981;2695
01.01.01.06.1.00210;SUS.00282/1981;2549
01.01.01.06.1.00211;SUS.00253/1981;2550
01.01.01.06.1.00212;GS.00003/1986;2551
01.01.01.06.1.00213;GS.00183/1997;2144
01.01.01.06.1.00214;GS.00301/1981;2552
01.01.01.06.1.00215;GS.00300/1981;2553
01.01.01.06.1.00216;GS.00299/1981;null
01.01.01.06.1.00217;GS.00100/1973;2554
01.01.01.06.1.00218;GS.00050/1967;2555
01.01.01.06.1.00219;GS.00120/1978;2179
01.01.01.06.1.00220;GS.00075/1981;2086
01.01.01.06.1.00221;SUS.00131/1981;2198
01.01.01.06.1.00222;SU.00042/2013;2169
01.01.01.06.1.00222;GT.00251/1981;2169
01.01.01.06.1.00223;SU.00061/1981;2556
01.01.01.06.1.00224;SU.00105/2002;185
01.01.01.06.1.00225;SU.00137/1981;2557
01.01.01.06.1.00226;SU.00069/1981;2558
01.01.01.06.1.00229;GS.00290/1981;2536
01.01.01.06.1.00230;SU.00108/1981;2537
01.01.01.06.1.00231;SU.00106/1981;2538
01.01.01.06.1.00232;SU.00105/1981;null
01.01.01.06.1.00233;SU.00073/1981;2286
01.01.01.06.1.00234;SU.00090/1981;2539
01.01.01.06.1.00235;SU.00062/2002;203
01.01.01.06.1.00237;SU.00079/1981;2540
01.01.01.06.1.00238;SU.00080/1981;2535
01.01.01.06.1.00239;SU.00051/2014;239
01.01.01.06.1.00240;SU.00017/1977;2541
01.01.01.06.1.00241;SU.00122/1981;2542
01.01.01.06.1.00242;SU.00123/1981;2153
01.01.01.06.1.00243;SU.00125/1981;2543
01.01.01.06.1.00244;SU.00055/1981;2544
01.01.01.06.1.00245;PLL.00033/1974;2545
01.01.01.06.1.00245;GS.00033/1974;2545
01.01.01.06.1.00246;SU.00104/1981;2546
01.01.01.06.1.00247;SU.00077/1981;2547
01.01.01.06.1.00248;SU.00291/1981;2259
01.01.01.06.1.00249;SU.00150/1981;2548
01.01.01.06.1.00250;SU.00249/1981;2522
01.01.01.06.1.00251;GS.00483/1981;null
01.01.01.06.1.00252;GS.00495/1981;2256
01.01.01.06.1.00253;GS.00490/1981;2524
01.01.01.06.1.00254;GS.00489/1981;2523
01.01.01.06.1.00255;GS.00488/1981;null
01.01.01.06.1.00256;GS.00487/1981;2525
01.01.01.06.1.00257;SUS.00248/1981;2209
01.01.01.06.1.00258;GS.00481/1981;2526
01.01.01.06.1.00259;SUS.00076/1981;2527
01.01.01.06.1.00260;SU.00120/LAKSANA/2021;2680
01.01.01.06.1.00261;SUS.00110/1981;2135
01.01.01.06.1.00261;SU.00029/2013;2135
01.01.01.06.1.00262;SU.00065/2016;2207
01.01.01.06.1.00262;SUS.00135/1981;2207
01.01.01.06.1.00263;GS.00070/1971;2528
01.01.01.06.1.00264;SU.00023/2003;2529
01.01.01.06.1.00265;GS.00538/1982;2530
01.01.01.06.1.00266;GS.00541/1982;2531
01.01.01.06.1.00267;GS.00532/1982;2532
01.01.01.06.1.00269;GS.00530/1982;2533
01.01.01.06.1.00270;GS.00529/1982;2534
01.01.01.06.1.00271;GS.00546/1982;2508
01.01.01.06.1.00272;PLL.00383/1980;2241
01.01.01.06.1.00273;PLL.00014/1981;2295
01.01.01.06.1.00274;GS.00258/1982;2509
01.01.01.06.1.00275;GS.00475/1982;2510
01.01.01.06.1.00276;GS.00611/1982;2511
01.01.01.06.1.00277;GS.00612/1982;2512
01.01.01.06.1.00278;GS.00664/1982;2170
01.01.01.06.1.00279;GS.00725/1982;2513
01.01.01.06.1.00280;GS.00666/1982;2514
01.01.01.06.1.00281;GS.00726/1989;2175
01.01.01.06.1.00281;SU.00043/2014;2175
01.01.01.06.1.00282;GS.00669/1982;2515
01.01.01.06.1.00283;SU.00303/1981;2273
01.01.01.06.1.00284;GS.00667/1982;2516
01.01.01.06.1.00285;GS.00665/1982;2517
01.01.01.06.1.00286;GS.00670/1982;2518
01.01.01.06.1.00287;GS.00723/1982;2519
01.01.01.06.1.00288;GS.00688/1982;2520
01.01.01.06.1.00289;GS.00692/1982;2521
01.01.01.06.1.00292;GS.00693/1982;2497
01.01.01.06.1.00293;SU.00061/1970;2281
01.01.01.06.1.00294;GS.00691/1982;2328
01.01.01.06.1.00295;GS.00728/1982;2498
01.01.01.06.1.00296;GS.00727/1982;2499
01.01.01.06.1.00297;GS.00739/1981;2500
01.01.01.06.1.00298;GS.00754/1982;2501
01.01.01.06.1.00299;GS.00751/1982;2502
01.01.01.06.1.00300;GS.00750/1982;2503
01.01.01.06.1.00301;SU.00001/1980;null
01.01.01.06.1.00302;SU.00002/1980;null
01.01.01.06.1.00303;SU.00002/2002;141
01.01.01.06.1.00304;SU.00090/1982;2228
01.01.01.06.1.00307;GS.00559/1982;2504
01.01.01.06.1.00308;SU.00022/2003;2505
01.01.01.06.1.00309;GS.00070/1975;2506
01.01.01.06.1.00310;GS.00225/1978;2507
01.01.01.06.1.00311;GS.00078/1970;2750
01.01.01.06.1.00312;GS.00558/1982;2414
01.01.01.06.1.00313;GS.00175/1979;2415
01.01.01.06.1.00314;GS.00417/1981;2416
01.01.01.06.1.00315;GS.00032/1975;2417
01.01.01.06.1.00316;GS.00112/1974;2686
01.01.01.06.1.00317;GS.00647/1982;2418
01.01.01.06.1.00318;GS.00649/1982;2419
01.01.01.06.1.00319;GS.00648/1982;null
01.01.01.06.1.00320;GS.00650/1982;2420
01.01.01.06.1.00321;GS.00651/1982;2182
01.01.01.06.1.00322;GS.00652/1982;2421
01.01.01.06.1.00323;GS.00038/1969;2422
01.01.01.06.1.00324;GS.00424/1981;2423
01.01.01.06.1.00325;GS.00025/1972;2424
01.01.01.06.1.00326;SU.00057/2015;2201
01.01.01.06.1.00326;GS.00087/1970;2201
01.01.01.06.1.00327;GS.00426/1981;2494
01.01.01.06.1.00328;GS.00421/1981;2425
01.01.01.06.1.00330;GS.00429/1981;2402
01.01.01.06.1.00331;SU.00097/1982;2254
01.01.01.06.1.00332;SU.00098/1982;2403
01.01.01.06.1.00333;SU.00099/1982;2404
01.01.01.06.1.00334;SU.00100/1982;2495
01.01.01.06.1.00335;SU.00101/1982;2405
01.01.01.06.1.00336;SU.00102/1982;2496
01.01.01.06.1.00337;GS.00104/1982;2152
01.01.01.06.1.00338;GS.00302/1980;null
01.01.01.06.1.00339;SU.00013/1982;2406
01.01.01.06.1.00340;SU.00014/1982;2407
01.01.01.06.1.00341;SU.00015/1982;2408
01.01.01.06.1.00342;SU.00016/1982;2222
01.01.01.06.1.00343;SU.00017/1982;2409
01.01.01.06.1.00345;GS.00032/1978;2410
01.01.01.06.1.00347;GS.00014/1974;2411
01.01.01.06.1.00348;SU.00006/1933;2412
01.01.01.06.1.00349;GS.00463/1982;2413
01.01.01.06.1.00353;GS.00410/1981;2394
01.01.01.06.1.00354;SU.00119/1982;2395
01.01.01.06.1.00355;GS.00304/1981;2396
01.01.01.06.1.00356;GS.00021/1968;2397
01.01.01.06.1.00357;SU.00064/1982;null
01.01.01.06.1.00357;GS.00064/1982;null
01.01.01.06.1.00358;GS.00217/1980;2398
01.01.01.06.1.00360;SUS.00048/1983;null
01.01.01.06.1.00362;SUS.00178/1983;2399
01.01.01.06.1.00363;GS.00061/1980;2400
01.01.01.06.1.00365;SU.00015/1983;2401
01.01.01.06.1.00365;SUS.00015/1983;2401
01.01.01.06.1.00366;SU.00016/1983;null
01.01.01.06.1.00367;SUS.00009/1983;null
01.01.01.06.1.00367;SU.00009/1983;null
01.01.01.06.1.00372;SUS.00025/1983;null
01.01.01.06.1.00373;SUS.00029/1983;2385
01.01.01.06.1.00374;SUS.00022/1983;2386
01.01.01.06.1.00375;SUS.00010/1983;2226
01.01.01.06.1.00376;SU.00008/1983;2689
01.01.01.06.1.00377;SUS.00011/1983;null
01.01.01.06.1.00378;GS.00214/1979;2387
01.01.01.06.1.00379;SUS.00138/1979;null
01.01.01.06.1.00380;SU.00058/1984;2388
01.01.01.06.1.00381;GS.00080/1984;2389
01.01.01.06.1.00382;GS.00266/1984;2390
01.01.01.06.1.00383;GS.00267/1984;2282
01.01.01.06.1.00384;SUS.00163/1983;2391
01.01.01.06.1.00385;GS.00029/1981;2490
01.01.01.06.1.00386;GS.00164/1984;null
01.01.01.06.1.00387;GS.00380/1980;2392
01.01.01.06.1.00388;SU.00011/1985;2302
01.01.01.06.1.00389;SU.00013/1985;null
01.01.01.06.1.00390;SU.00014/1985;2393
01.01.01.06.1.00391;SU.00161/1985;2242
01.01.01.06.1.00392;GS.00162/1985;2682
01.01.01.06.1.00393;SU.00017/1985;2377
01.01.01.06.1.00394;SU.00010/1999;2255
01.01.01.06.1.00395;SU.00019/1985;2378
01.01.01.06.1.00397;GS.00551/1980;2379
01.01.01.06.1.00398;GS.00040/1976;2306
01.01.01.06.1.00399;GS.00380/1985;2491
01.01.01.06.1.00400;SUS.00005/1982;2380
01.01.01.06.1.00401;SU.00076/1986;2235
01.01.01.06.1.00402;null;null
01.01.01.06.1.00403;GS.00434/1980;2492
01.01.01.06.1.00404;GS.00032/1985;null
01.01.01.06.1.00405;GS.00033/1987;2224
01.01.01.06.1.00406;GS.00035/1987;2381
01.01.01.06.1.00407;GS.00564/1986;null
01.01.01.06.1.00408;GS.00610/1987;2382
01.01.01.06.1.00409;GS.00611/1987;2383
01.01.01.06.1.00410;GS.00069/1982;2384
01.01.01.06.1.00411;SU.00012/2001;102
01.01.01.06.1.00412;SU.00065/1975;2137
01.01.01.06.1.00413;SU.00114/1988;2359
01.01.01.06.1.00415;SU.00027/1988;2358
01.01.01.06.1.00416;SU.00187/1988;2360
01.01.01.06.1.00417;SU.00196/1988;2361
01.01.01.06.1.00418;SU.00248/1988;2263
01.01.01.06.1.00419;SU.00246/1988;2264
01.01.01.06.1.00420;SU.00247/1988;2265
01.01.01.06.1.00421;GS.00797/1987;2362
01.01.01.06.1.00422;GS.00071/1977;2363
01.01.01.06.1.00423;SU.00496/1988;2364
01.01.01.06.1.00424;SU.00039/1988;2365
01.01.01.06.1.00425;GS.00040/1984;2366
01.01.01.06.1.00426;GS.00058/1986;2493
01.01.01.06.1.00427;SU.00143/1989;2156
01.01.01.06.1.00428;SU.00058/1989;null
01.01.01.06.1.00429;GS.00196/1987;2367
01.01.01.06.1.00430;GS.00064/1988;2368
01.01.01.06.1.00431;SU.00149/1981;2149
01.01.01.06.1.00432;SU.00147/1981;2369
01.01.01.06.1.00433;SU.00064/1978;2343
01.01.01.06.1.00434;GS.00064/1978;2323
01.01.01.06.1.00435;SU.00340/1988;2303
01.01.01.06.1.00436;SU.00326/1989;2261
01.01.01.06.1.00437;SU.00038/1990;2099
01.01.01.06.1.00438;SU.00039/1990;2344
01.01.01.06.1.00439;SU.00034/2004;339
01.01.01.06.1.00440;GS.00072/1977;2345
01.01.01.06.1.00441;GS.00147/1981;2346
01.01.01.06.1.00441;PLL.00147/1981;2346
01.01.01.06.1.00442;SU.00521/1988;2347
01.01.01.06.1.00443;SU.00002/1991;2318
01.01.01.06.1.00444;SU.00237/1990;null
01.01.01.06.1.00445;SU.00731/1990;2312
01.01.01.06.1.00446;SU.00011/1991;2167
01.01.01.06.1.00447;SU.00659/1990;2348
01.01.01.06.1.00449;SU.00663/1990;2349
01.01.01.06.1.00450;SU.00656/1990;2374
01.01.01.06.1.00451;SU.00303/1990;2485
01.01.01.06.1.00452;SU.00657/1990;null
01.01.01.06.1.00453;SU.00658/1991;2373
01.01.01.06.1.00455;SU.00104/1990;2371
01.01.01.06.1.00457;SU.00074/1990;2190
01.01.01.06.1.00458;SU.00069/1979;2372
01.01.01.06.1.00459;SU.00025/1983;801
01.01.01.06.1.00461;SU.00067/1980;2486
01.01.01.06.1.00462;SU.00008/2010;2062
01.01.01.06.1.00463;SU.00264/1989;2487
01.01.01.06.1.00464;SU.00269/1985;2370
01.01.01.06.1.00465;SU.00256/1979;2488
01.01.01.06.1.00466;GS.00287/1990;null
01.01.01.06.1.00467;SUS.00287/1990;2277
01.01.01.06.1.00468;SU.00248/1992;2375
01.01.01.06.1.00469;SU.00128/1992;2489
01.01.01.06.1.00470;SU.00033/1992;null
01.01.01.06.1.00471;SU.00254/1992;2688
01.01.01.06.1.00472;SU.00660/1990;2350
01.01.01.06.1.00473;SU.00032/1987;2313
01.01.01.06.1.00474;GS.00032/1992;2674
01.01.01.06.1.00475;SU.00123/1992;2151
01.01.01.06.1.00476;SU.00133/1992;null
01.01.01.06.1.00477;SU.00129/1992;2245
01.01.01.06.1.00478;SU.00130/1992;2351
01.01.01.06.1.00479;SU.00134/1992;2352
01.01.01.06.1.00480;SU.00119/1992;2353
01.01.01.06.1.00481;SU.00028/2013;790
01.01.01.06.1.00482;SU.00069/1977;2354
01.01.01.06.1.00483;SU.00032/1993;2311
01.01.01.06.1.00484;SU.00051/1993;2188
01.01.01.06.1.00485;SU.00055/1996;2479
01.01.01.06.1.00486;SU.00121/1981;2274
01.01.01.06.1.00487;SU.00004/1993;null
01.01.01.06.1.00488;SU.00271/1993;2355
01.01.01.06.1.00489;SU.00272/1993;2305
01.01.01.06.1.00490;SU.00493/1994;2310
01.01.01.06.1.00491;SU.00293/1994;2356
01.01.01.06.1.00493;SU.00062/1994;2357
01.01.01.06.1.00494;SU.00031/1994;null
01.01.01.06.1.00495;SU.00032/1994;2334
01.01.01.06.1.00496;SU.00033/1994;2335
01.01.01.06.1.00499;SU.00964/1994;2227
01.01.01.06.1.00500;SU.01256/1994;2336
01.01.01.06.1.00501;GS.00126/1995;2480
01.01.01.06.1.00502;GS.00200/1995;2337
01.01.01.06.1.00503;GS.00311/1995;2338
01.01.01.06.1.00504;GS.00564/1995;2481
01.01.01.06.1.00505;GS.00565/1995;null
01.01.01.06.1.00506;GS.00613/1995;2339
01.01.01.06.1.00507;GS.00614/1995;2670
01.01.01.06.1.00510;GS.00634/1995;2293
01.01.01.06.1.00511;GS.00879/1995;2340
01.01.01.06.1.00512;GS.00886/1995;2685
01.01.01.06.1.00513;GS.00887/1995;2138
01.01.01.06.1.00514;GS.01230/1995;2749
01.01.01.06.1.00515;null;null
01.01.01.06.1.00516;GS.01793/1995;2342
01.01.01.06.1.00517;GS.02002/1995;null
01.01.01.06.1.00518;GS.02098/1995;2482
01.01.01.06.1.00520;GS.02108/1995;2483
01.01.01.06.1.00521;GS.02130/1995;2484
01.01.01.06.1.00522;GS.02131/1995;2466
01.01.01.06.1.00523;GS.02232/1995;2467
01.01.01.06.1.00524;GS.02233/1995;2237
01.01.01.06.1.00525;GS.00426/1996;2304
01.01.01.06.1.00526;GS.00574/1996;null
01.01.01.06.1.00527;GS.00575/1996;null
01.01.01.06.1.00528;GS.00636/1996;2203
01.01.01.06.1.00529;GS.00760/1996;2468
01.01.01.06.1.00530;GS.00844/1996;2089
01.01.01.06.1.00531;GS.01525/1996;2469
01.01.01.06.1.00532;GS.01526/1996;2470
01.01.01.06.1.00533;GS.02179/1996;2471
01.01.01.06.1.00534;GS.00292/1997;2472
01.01.01.06.1.00535;GS.00296/1997;2186
01.01.01.06.1.00535;SU.00048/2014;2186
01.01.01.06.1.00536;GS.00297/1997;2473
01.01.01.06.1.00537;SU.00053/2014;2195
01.01.01.06.1.00538;GS.00299/1997;2474
01.01.01.06.1.00539;GS.00300/1997;2185
01.01.01.06.1.00539;SU.00047/2014;2185
01.01.01.06.1.00540;GS.00301/1998;null
01.01.01.06.1.00541;GS.00302/1997;2475
01.01.01.06.1.00542;GS.00303/1997;2476
01.01.01.06.1.00544;GS.00308/1997;2477
01.01.01.06.1.00545;GS.00307/1997;2478
01.01.01.06.1.00546;GS.00306/1997;2453
01.01.01.06.1.00547;GS.00305/1997;2454
01.01.01.06.1.00548;GS.00309/1997;2455
01.01.01.06.1.00550;GS.01344/1997;2291
01.01.01.06.1.00551;SU.01345/1997;2456
01.01.01.06.1.00552;SU.01346/1997;2459
01.01.01.06.1.00553;SU.01347/1997;2457
01.01.01.06.1.00554;SU.01531/1997;2225
01.01.01.06.1.00555;SU.01532/1997;2452
01.01.01.06.1.00556;SU.00048/1997;2458
01.01.01.06.1.00557;SU.01673/1997;null
01.01.01.06.1.00558;SU.01705/1997;2157
01.01.01.06.1.00559;SU.01576/1997;2460
01.01.01.06.1.00560;SU.02000/1997;2461
01.01.01.06.1.00561;SU.02184/1997;2462
01.01.01.06.1.00562;SU.02247/1997;2463
01.01.01.06.1.00564;GS.02542/1997;2172
01.01.01.06.1.00565;SU.00003/1998;2285
01.01.01.06.1.00566;SU.00004/1998;2464
01.01.01.06.1.00567;SU.00005/1998;2160
01.01.01.06.1.00568;SU.00079/2017;2238
01.01.01.06.1.00569;SU.00013/1998;2465
01.01.01.06.1.00570;SU.00020/1998;2687
01.01.01.06.1.00571;SU.00086/2006;223
01.01.01.06.1.00572;SU.00022/1998;2324
01.01.01.06.1.00574;SU.00024/1998;24
01.01.01.06.1.00575;SU.00025/1998;null
01.01.01.06.1.00576;SU.00026/1998;null
01.01.01.06.1.00577;SU.00019/1998;19
01.01.01.06.1.00578;SU.00029/1998;2444
01.01.01.06.1.00579;SU.00030/1998;30
01.01.01.06.1.00580;SU.00031/1998;null
01.01.01.06.1.00581;SU.00032/1998;32
01.01.01.06.1.00583;SU.00035/1998;2445
01.01.01.06.1.00584;SU.00036/1998;2446
01.01.01.06.1.00585;SU.00037/1998;2316
01.01.01.06.1.00587;SU.00039/1998;null
01.01.01.06.1.00588;GS.00020/2002;null
01.01.01.06.1.00589;SU.00002/1999;null
01.01.01.06.1.00590;SU.00003/1999;2447
01.01.01.06.1.00591;SU.00004/1999;43
01.01.01.06.1.00592;SU.00005/1999;44
01.01.01.06.1.00593;SU.00007/1999;46
01.01.01.06.1.00594;SU.00008/1999;47
01.01.01.06.1.00595;SU.00006/1999;2448
01.01.01.06.1.00596;SU.00009/1999;null
01.01.01.06.1.00597;SU.00099/2018;2269
01.01.01.06.1.00598;SU.01513/1997;2449
01.01.01.06.1.00599;SU.00013/1999;2450
01.01.01.06.1.00600;SU.00014/1999;2451
01.01.01.06.1.00601;SU.01745/1996;2668
01.01.01.06.1.00603;SU.00016/1999;2653
01.01.01.06.1.00605;SU.00095/1980;2176
01.01.01.06.1.00606;SU.00967/1995;null
01.01.01.06.1.00607;SU.00002/2000;2246
01.01.01.06.1.00608;SU.00003/2000;2440
01.01.01.06.1.00609;SU.00004/2000;2248
01.01.01.06.1.00611;SU.00005/2000;2441
01.01.01.06.1.00612;SU.00006/2000;65
01.01.01.06.1.00613;SU.00007/2000;66
01.01.01.06.1.00614;SU.00010/2000;69
01.01.01.06.1.00615;SU.00011/2000;70
01.01.01.06.1.00616;SU.00012/2000;71
01.01.01.06.1.00618;SU.00014/2000;72
01.01.01.06.1.00619;SU.00015/2000;73
01.01.01.06.1.00620;SU.00016/2000;74
01.01.01.06.1.00621;SU.00019/2000;77
01.01.01.06.1.00622;SU.00010/2010;151
01.01.01.06.1.00623;SU.00009/2010;76
01.01.01.06.1.00624;SU.00020/2000;79
01.01.01.06.1.00625;SU.00025/2000;80
01.01.01.06.1.00626;SU.00026/2000;85
01.01.01.06.1.00627;SU.00027/2000;86
01.01.01.06.1.00628;SU.00028/2000;2442
01.01.01.06.1.00629;SU.00029/2000;78
01.01.01.06.1.00630;PLL.00021/2000;2443
01.01.01.06.1.00631;SU.00001/2000;91
01.01.01.06.1.00632;PLL.00002/2001;92
01.01.01.06.1.00633;SU.00060/2015;2206
01.01.01.06.1.00634;SU.00004/2001;94
01.01.01.06.1.00635;SU.00005/2001;96
01.01.01.06.1.00636;SU.00006/2001;97
01.01.01.06.1.00637;SU.00008/2001;99
01.01.01.06.1.00638;SU.00009/2001;95
01.01.01.06.1.00639;SU.00007/2001;98
01.01.01.06.1.00640;SU.00010/2001;100
01.01.01.06.1.00641;SU.00015/2001;105
01.01.01.06.1.00642;SU.00017/2001;103
01.01.01.06.1.00643;SU.00018/2001;106
01.01.01.06.1.00644;SU.00020/2001;108
01.01.01.06.1.00645;SU.00021/2001;109
01.01.01.06.1.00646;SU.00019/2001;107
01.01.01.06.1.00647;SU.00022/2001;110
01.01.01.06.1.00648;SU.00023/2001;111
01.01.01.06.1.00649;SU.00017/2011;2103
01.01.01.06.1.00650;SU.00026/2001;117
01.01.01.06.1.00654;GS.00031/2001;122
01.01.01.06.1.00655;SU.00032/2001;123
01.01.01.06.1.00656;GS.00033/2001;124
01.01.01.06.1.00657;GS.00034/2001;125
01.01.01.06.1.00658;SU.00035/2001;126
01.01.01.06.1.00659;GS.00036/2001;127
01.01.01.06.1.00662;GS.00039/2001;130
01.01.01.06.1.00663;GS.00041/2001;132
01.01.01.06.1.00664;SU.00048/2001;133
01.01.01.06.1.00665;GS.00043/2001;134
01.01.01.06.1.00666;SU.00087/2017;131
01.01.01.06.1.00667;GS.00044/2001;135
01.01.01.06.1.00668;GS.00046/2001;137
01.01.01.06.1.00669;GS.00047/2001;140
01.01.01.06.1.00670;GS.00001/2002;139
01.01.01.06.1.00671;SU.00003/2002;144
01.01.01.06.1.00672;SU.00004/2002;145
01.01.01.06.1.00673;GS.00005/2002;null
01.01.01.06.1.00674;GS.00005/2002;null
01.01.01.06.1.00675;GS.00007/2002;null
01.01.01.06.1.00676;SU.00008/2002;149
01.01.01.06.1.00677;SU.00009/2002;150
01.01.01.06.1.00678;GS.00010/2002;2644
01.01.01.06.1.00679;GS.00029/2003;2645
01.01.01.06.1.00680;SU.00012/2002;142
01.01.01.06.1.00681;GS.00013/2002;2646
01.01.01.06.1.00682;SU.00014/2002;2275
01.01.01.06.1.00683;GS.00015/2002;null
01.01.01.06.1.00684;GS.00016/2002;2647
01.01.01.06.1.00685;GS.00017/2002;2059
01.01.01.06.1.00686;SU.00018/2002;157
01.01.01.06.1.00687;GS.00019/2002;2648
01.01.01.06.1.00688;SU.00020/2002;160
01.01.01.06.1.00689;GS.00021/2002;2649
01.01.01.06.1.00690;GS.00022/2002;2650
01.01.01.06.1.00691;SU.00023/2002;153
01.01.01.06.1.00691;GS.00023/2002;153
01.01.01.06.1.00692;SU.00024/2002;2276
01.01.01.06.1.00693;GS.00025/2002;null
01.01.01.06.1.00694;GS.00026/2002;2651
01.01.01.06.1.00695;SU.00027/2002;166
01.01.01.06.1.00696;SU.00023/2002;153
01.01.01.06.1.00696;GS.00023/2002;153
01.01.01.06.1.00697;GS.00028/2002;2652
01.01.01.06.1.00698;GS.00029/2002;null
01.01.01.06.1.00699;GS.00036/2002;2435
01.01.01.06.1.00700;GS.00030/2002;2314
01.01.01.06.1.00701;SU.00031/2002;169
01.01.01.06.1.00702;SU.00032/2002;170
01.01.01.06.1.00703;SU.00033/2002;2436
01.01.01.06.1.00704;SU.00037/2002;175
01.01.01.06.1.00705;SU.00035/2002;174
01.01.01.06.1.00706;SU.00038/2002;176
01.01.01.06.1.00707;SU.00039/2002;177
01.01.01.06.1.00708;SU.00110/LAKSANA/2020;178
01.01.01.06.1.00709;PLL.00041/2002;2437
01.01.01.06.1.00710;SU.00042/2002;180
01.01.01.06.1.00711;SU.00043/2002;181
01.01.01.06.1.00712;SU.00044/2002;182
01.01.01.06.1.00713;SU.00045/2002;183
01.01.01.06.1.00714;SU.00046/2002;184
01.01.01.06.1.00715;SU.00047/2002;186
01.01.01.06.1.00716;SU.00048/2002;187
01.01.01.06.1.00717;PLL.00049/2002;2136
01.01.01.06.1.00718;SU.00050/2002;189
01.01.01.06.1.00719;SU.00051/2002;190
01.01.01.06.1.00720;SU.00052/2002;191
01.01.01.06.1.00721;SU.00054/2002;193
01.01.01.06.1.00722;SU.00055/2002;194
01.01.01.06.1.00723;SU.00056/2002;195
01.01.01.06.1.00724;SU.00057/2002;196
01.01.01.06.1.00725;SU.00058/2002;199
01.01.01.06.1.00726;SU.00059/2002;200
01.01.01.06.1.00727;SU.00060/2002;197
01.01.01.06.1.00728;SU.00061/2002;198
01.01.01.06.1.00729;SU.00063/2002;201
01.01.01.06.1.00730;SU.00064/2002;202
01.01.01.06.1.00731;SU.00065/2002;6
01.01.01.06.1.00732;SU.00066/2002;2438
01.01.01.06.1.00733;SU.00068/2002;56
01.01.01.06.1.00734;SU.00069/2002;57
01.01.01.06.1.00735;SU.00070/2002;58
01.01.01.06.1.00736;SU.00092/2018;207
01.01.01.06.1.00737;SU.00073/2002;208
01.01.01.06.1.00738;SU.00074/2002;209
01.01.01.06.1.00739;SU.00075/2002;210
01.01.01.06.1.00740;SU.00076/2002;211
01.01.01.06.1.00741;SU.00077/2002;214
01.01.01.06.1.00742;SU.00078/2002;215
01.01.01.06.1.00743;SU.00079/2002;216
01.01.01.06.1.00744;SU.00080/2002;212
01.01.01.06.1.00745;SU.00034/2002;null
01.01.01.06.1.00746;SU.00081/2002;218
01.01.01.06.1.00747;SU.00082/2002;219
01.01.01.06.1.00748;SU.00083/2002;220
01.01.01.06.1.00749;SU.00084/2002;221
01.01.01.06.1.00750;SU.00085/2002;222
01.01.01.06.1.00751;SU.00086/2002;2642
01.01.01.06.1.00752;SU.00022/2011;894
01.01.01.06.1.00753;SU.00088/2002;225
01.01.01.06.1.00754;SU.00089/2002;226
01.01.01.06.1.00755;SU.00090/2002;227
01.01.01.06.1.00756;SU.00091/2002;228
01.01.01.06.1.00757;SU.00092/2002;229
01.01.01.06.1.00758;SU.00093/2002;230
01.01.01.06.1.00759;SU.00094/2002;231
01.01.01.06.1.00760;SU.00095/2002;232
01.01.01.06.1.00761;SU.00096/2002;233
01.01.01.06.1.00762;SU.00097/2002;234
01.01.01.06.1.00763;SU.00098/2002;235
01.01.01.06.1.00764;SU.00099/2002;236
01.01.01.06.1.00765;PLL.00001/2002;2439
01.01.01.06.1.00766;GS.00002/2002;237
01.01.01.06.1.00767;SU.00003/2003;238
01.01.01.06.1.00771;SU.00106/2002;241
01.01.01.06.1.00772;SU.00007/2002;242
01.01.01.06.1.00774;SU.00006/2003;250
01.01.01.06.1.00775;SU.00007/2003;249
01.01.01.06.1.00776;SU.00008/2003;248
01.01.01.06.1.00778;SU.00010/2003;251
01.01.01.06.1.00779;SU.00011/2003;252
01.01.01.06.1.00780;SU.00012/2003;253
01.01.01.06.1.00781;SU.00013/2003;254
01.01.01.06.1.00783;SU.00017/2003;259
01.01.01.06.1.00784;SU.00018/2003;258
01.01.01.06.1.00786;SU.00020/2003;2681
01.01.01.06.1.00788;SU.00015/2003;255
01.01.01.06.1.00789;SU.00021/2003;262
01.01.01.06.1.00790;SU.00024/2003;265
01.01.01.06.1.00791;SU.00025/2003;260
01.01.01.06.1.00792;SU.00026/2003;2155
01.01.01.06.1.00793;SU.00004/2011;2433
01.01.01.06.1.00794;SU.00030/2003;267
01.01.01.06.1.00795;SU.00031/2003;268
01.01.01.06.1.00796;SU.00032/2003;2434
01.01.01.06.1.00797;SU.00034/2003;272
01.01.01.06.1.00798;SU.00035/2003;271
01.01.01.06.1.00799;SU.00036/2003;270
01.01.01.06.1.00800;SU.00037/2003;273
01.01.01.06.1.00801;SU.00039/2003;274
01.01.01.06.1.00802;SU.00040/2003;278
01.01.01.06.1.00803;SU.00041/2003;276
01.01.01.06.1.00804;SU.00042/2003;277
01.01.01.06.1.00806;SU.00038/2003;275
01.01.01.06.1.00807;SU.00044/2003;280
01.01.01.06.1.00808;SU.00045/2003;281
01.01.01.06.1.00809;SU.00046/2003;284
01.01.01.06.1.00810;SU.00047/2003;282
01.01.01.06.1.00811;SU.00048/2003;283
01.01.01.06.1.00812;PLL.00049/2003;285
01.01.01.06.1.00813;SU.00050/2003;286
01.01.01.06.1.00814;SU.00051/2003;287
01.01.01.06.1.00815;SU.00052/2003;289
01.01.01.06.1.00816;SU.00053/2003;288
01.01.01.06.1.00817;SU.00054/2003;295
01.01.01.06.1.00818;SU.00055/2003;294
01.01.01.06.1.00819;SU.00056/2003;297
01.01.01.06.1.00820;SU.00057/2003;296
01.01.01.06.1.00821;SU.00058/2003;290
01.01.01.06.1.00822;SU.00070/2016;291
01.01.01.06.1.00823;SU.00060/2003;292
01.01.01.06.1.00824;SU.00061/2003;293
01.01.01.06.1.00825;SU.00062/2003;298
01.01.01.06.1.00826;SU.00063/2003;299
01.01.01.06.1.00827;SU.00064/2003;300
01.01.01.06.1.00828;SU.00065/2003;301
01.01.01.06.1.00829;SU.00066/2003;303
01.01.01.06.1.00830;SU.00067/2003;302
01.01.01.06.1.00831;SU.00023/2011;2109
01.01.01.06.1.00832;SU.00069/2003;305
01.01.01.06.1.00833;SU.00001/2004;307
01.01.01.06.1.00834;SU.00002/2004;306
01.01.01.06.1.00835;GS.00001/2004;308
01.01.01.06.1.00836;SU.00004/2004;309
01.01.01.06.1.00837;SU.00003/2004;138
01.01.01.06.1.00839;SU.00005/2004;310
01.01.01.06.1.00842;SU.00010/2004;314
01.01.01.06.1.00843;SU.00011/2004;315
01.01.01.06.1.00844;SU.00012/2004;316
01.01.01.06.1.00846;SU.00014/2004;319
01.01.01.06.1.00847;SU.00016/2004;320
01.01.01.06.1.00848;SU.00017/2004;322
01.01.01.06.1.00849;SU.00018/2004;321
01.01.01.06.1.00850;SU.00019/2004;317
01.01.01.06.1.00853;SU.00022/2004;325
01.01.01.06.1.00854;SU.00023/2004;326
01.01.01.06.1.00855;SU.00024/2004;329
01.01.01.06.1.00856;SU.00025/2004;328
01.01.01.06.1.00857;SU.00026/2004;327
01.01.01.06.1.00858;SU.00027/2004;330
01.01.01.06.1.00859;SU.00028/2004;333
01.01.01.06.1.00860;SU.00029/2004;334
01.01.01.06.1.00861;SU.00030/2004;335
01.01.01.06.1.00862;SU.00036/2004;341
01.01.01.06.1.00863;SU.00044/2004;349
01.01.01.06.1.00864;SU.00045/2004;336
01.01.01.06.1.00865;SU.00047/2004;354
01.01.01.06.1.00866;SU.00046/2004;353
01.01.01.06.1.00867;SU.00048/2004;352
01.01.01.06.1.00868;SU.00054/2004;356
01.01.01.06.1.00869;SU.00051/2004;355
01.01.01.06.1.01840;SUS.00102/1981;2430
01.01.01.06.1.02001;SU.00001/2005;2001
01.01.01.06.1.02002;SU.00002/2005;2002
01.01.01.06.1.02003;SU.00003/2005;2003
01.01.01.06.1.02004;SU.00004/2005;5
01.01.01.06.1.02005;SU.00005/2005;4
01.01.01.06.1.02006;SU.00007/2005;2006
01.01.01.06.1.02007;SU.00008/2005;2008
01.01.01.06.1.02008;SU.00009/2005;2009
01.01.01.06.1.02009;SU.00011/2005;2011
01.01.01.06.1.02010;SU.00012/2005;2015
01.01.01.06.1.02011;SU.00013/2005;2016
01.01.01.06.1.02012;SU.00014/2005;2017
01.01.01.06.1.02013;SU.00015/2005;2013
01.01.01.06.1.02014;SU.00016/2005;2014
01.01.01.06.1.02015;SU.00017/2005;2012
01.01.01.06.1.02017;SU.00018/2005;2018
01.01.01.06.1.02018;SU.00001/2006;2020
01.01.01.06.1.02019;SU.00002/2006;2021
01.01.01.06.1.02020;SU.00003/2006;2022
01.01.01.06.1.02021;SU.00004/2006;2010
01.01.01.06.1.02022;SU.00005/2006;2023
01.01.01.06.1.02023;SU.00006/2006;2027
01.01.01.06.1.02024;SU.00007/2006;2028
01.01.01.06.1.02025;SU.00008/2006;2030
01.01.01.06.1.02026;SU.00009/2006;2031
01.01.01.06.1.02027;SU.00010/2006;2025
01.01.01.06.1.02028;SU.00011/2006;2026
01.01.01.06.1.02029;SU.00012/2006;2032
01.01.01.06.1.02030;SU.00013/2006;2033
01.01.01.06.1.02031;SU.00018/2006;2038
01.01.01.06.1.02032;SU.00016/2006;2035
01.01.01.06.1.02033;SU.00017/2006;2036
01.01.01.06.1.02034;SU.00019/2006;2040
01.01.01.06.1.02035;SU.00020/2006;2039
01.01.01.06.1.02036;SU.00021/2006;2041
01.01.01.06.1.02037;SU.00022/2006;2042
01.01.01.06.1.02038;SU.00023/2006;2043
01.01.01.06.1.02039;SU.00026/2006;2044
01.01.01.06.1.02040;SU.00025/2006;2045
01.01.01.06.1.02041;SU.00024/2006;2034
01.01.01.06.1.02042;SU.00027/2006;2046
01.01.01.06.1.02043;SU.00028/2006;2048
01.01.01.06.1.02044;SU.00029/2006;2047
01.01.01.06.1.02045;SU.00030/2006;2049
01.01.01.06.1.02046;SU.00032/2006;2051
01.01.01.06.1.02047;SU.00033/2006;2052
01.01.01.06.1.02048;SU.00034/2006;2053
01.01.01.06.1.02049;SU.00035/2006;2055
01.01.01.06.1.02050;SU.00036/2006;2054
01.01.01.06.1.02051;SU.00037/2006;2056
01.01.01.06.1.02052;SU.00001/2007;840
01.01.01.06.1.02053;SU.00002/2007;619
01.01.01.06.1.02054;SU.00003/2007;529
01.01.01.06.1.02055;SU.00004/2007;3
01.01.01.06.1.02056;SU.00006/2007;261
01.01.01.06.1.02057;SU.00007/2007;481
01.01.01.06.1.02058;SU.00008/2007;2178
01.01.01.06.1.02060;SU.00010/2007;42
01.01.01.06.1.02061;SU.00011/2007;1022
01.01.01.06.1.02062;SU.00012/2007;1021
01.01.01.06.1.02063;SU.00013/2007;653
01.01.01.06.1.02064;SU.00014/2007;654
01.01.01.06.1.02065;SU.00015/2007;698
01.01.01.06.1.02066;SU.00016/2007;952
01.01.01.06.1.02067;SU.00017/2007;464
01.01.01.06.1.02068;SU.00018/2007;1003
01.01.01.06.1.02069;SU.00019/2007;530
01.01.01.06.1.02070;SU.00020/2007;389
01.01.01.06.1.02071;SU.00021/2007;33
01.01.01.06.1.02072;SU.00022/2007;34
01.01.01.06.1.02073;SU.00023/2007;35
01.01.01.06.1.02074;SU.00024/2007;1025
01.01.01.06.1.02075;SU.00025/2007;1026
01.01.01.06.1.02076;SU.00026/2007;1027
01.01.01.06.1.02077;SU.00027/2007;null
01.01.01.06.1.02078;SU.00028/2007;null
01.01.01.06.1.02079;SU.00029/2007;691
01.01.01.06.1.02080;SU.00030/2007;723
01.01.01.06.1.02081;SU.00031/2007;323
01.01.01.06.1.02082;SU.00033/2007;112
01.01.01.06.1.02082;SU.00024/2001;112
01.01.01.06.1.02083;SU.00035/2007;910
01.01.01.06.1.02084;SU.00037/2007;542
01.01.01.06.1.02085;SU.00038/2007;541
01.01.01.06.1.02086;SU.00001/2008;2431
01.01.01.06.1.02087;SU.00033/2008;1100
01.01.01.06.1.02088;SU.00003/2008;2664
01.01.01.06.1.02089;SU.00039/2007;2432
01.01.01.06.1.02090;SU.00004/2008;2143
01.01.01.06.1.02091;SU.00005/2008;2192
01.01.01.06.1.02092;SU.00006/2008;709
01.01.01.06.1.02093;SU.00007/2008;309
01.01.01.06.1.02094;SU.00009/2008;2257
01.01.01.06.1.02095;SU.00010/2008;null
01.01.01.06.1.02096;SU.00011/2008;1104
01.01.01.06.1.02097;SU.00012/2008;853
01.01.01.06.1.02098;SU.00013/2008;1102
01.01.01.06.1.02099;SU.00014/2008;785
01.01.01.06.1.02100;SU.00015/2008;617
01.01.01.06.1.02101;SU.00016/2008;2097
01.01.01.06.1.02102;SU.00017/2008;995
01.01.01.06.1.02103;SU.00018/2008;39
01.01.01.06.1.02104;SU.00019/2008;889
01.01.01.06.1.02105;SU.00020/2008;888
01.01.01.06.1.02106;SU.00022/2008;827
01.01.01.06.1.02107;SU.00023/2008;522
01.01.01.06.1.02108;SU.00024/2008;523
01.01.01.06.1.02109;SU.00025/2008;2148
01.01.01.06.1.02110;SU.00026/2008;514
01.01.01.06.1.02111;SU.00027/2008;524
01.01.01.06.1.02112;SU.00028/2008;517
01.01.01.06.1.02113;SU.00029/2008;512
01.01.01.06.1.02114;SU.00030/2008;515
01.01.01.06.1.02115;SU.00031/2008;519
01.01.01.06.1.02116;SU.00032/2008;513
01.01.01.06.1.02117;SU.00001/2009;2654
01.01.01.06.1.02118;SU.00002/2008;1105
01.01.01.06.1.02119;SU.00003/2009;2262
01.01.01.06.1.02120;SU.00004/2009;2655
01.01.01.06.1.02121;SU.00005/2009;576
01.01.01.06.1.02122;SU.00006/2009;1107
01.01.01.06.1.02123;SU.00007/2009;2223
01.01.01.06.1.02124;SU.00009/2009;669
01.01.01.06.1.02125;SU.00010/2009;1108
01.01.01.06.1.02126;SU.00011/2009;1109
01.01.01.06.1.02127;SU.00012/2009;null
01.01.01.06.1.02128;SU.00013/2009;2656
01.01.01.06.1.02129;SU.00014/2009;2292
01.01.01.06.1.02130;SU.00015/2009;2657
01.01.01.06.1.02131;SU.00016/2009;735
01.01.01.06.1.02132;SU.00017/2009;2658
01.01.01.06.1.02133;SU.00018/2009;null
01.01.01.06.1.02134;SU.00019/2009;null
01.01.01.06.1.02135;SU.00020/2009;1110
01.01.01.06.1.02136;SU.00021/2009;668
01.01.01.06.1.02137;SU.00022/2009;null
01.01.01.06.1.02138;SU.00023/2009;1112
01.01.01.06.1.02139;SU.00024/2009;2641
01.01.01.06.1.02140;SU.00025/2009;701
01.01.01.06.1.02141;SU.00026/2009;2326
01.01.01.06.1.02142;SU.00001/2010;448
01.01.01.06.1.10003;SU.00002/2010;1115
01.01.01.06.1.10004;SU.00003/2010;1114
01.01.01.06.1.10005;SU.00004/2010;2057
01.01.01.06.1.10006;SU.00005/2010;2058
01.01.01.06.1.10007;SU.00006/2010;2060
01.01.01.06.1.10008;SU.00007/2010;2061
01.01.01.06.1.10010;SU.00012/2010;2065
01.01.01.06.1.10011;SU.00014/2010;2066
01.01.01.06.1.10012;SU.00013/2010;2067
01.01.01.06.1.10013;SU.00015/2010;2070
01.01.01.06.1.10014;SU.00016/2010;2071
01.01.01.06.1.10015;SU.00017/2010;2072
01.01.01.06.1.10016;SU.00019/2010;2074
01.01.01.06.1.10017;SU.00018/2010;2075
01.01.01.06.1.10018;SU.00020/2010;2077
01.01.01.06.1.10019;SU.00021/2010;2073
01.01.01.06.1.10021;SU.00025/2010;2085
01.01.01.06.1.10022;SU.00022/2010;2080
01.01.01.06.1.10023;SU.00024/2010;2083
01.01.01.06.1.10024;SU.00002/2011;2084
01.01.01.06.1.10025;SU.00001/2011;2087
01.01.01.06.1.10026;GS.01063/1995;2333
01.01.01.06.1.10027;SU.00003/2011;2088
01.01.01.06.1.10028;SU.00049/1992;2690
01.01.01.06.1.10029;SU.00005/2011;2090
01.01.01.06.1.10030;SU.00006/2011;2091
01.01.01.06.1.10031;SU.00007/2011;2092
01.01.01.06.1.10032;SU.00008/2011;2093
01.01.01.06.1.10033;SU.00009/2011;2094
01.01.01.06.1.10034;SU.00010/2011;2100
01.01.01.06.1.10035;SU.00011/2011;2102
01.01.01.06.1.10036;SU.00012/2011;2096
01.01.01.06.1.10037;SU.00014/2011;2101
01.01.01.06.1.10038;SU.00015/2011;851
01.01.01.06.1.10039;SU.00016/2011;2104
01.01.01.06.1.10040;SU.00018/2011;2105
01.01.01.06.1.10041;SU.00720/1996;2296
01.01.01.06.1.10042;SU.00019/2011;2106
01.01.01.06.1.10043;SU.00020/2011;2107
01.01.01.06.1.10044;SU.00021/2011;2108
01.01.01.06.1.10046;SU.00001/2012;2113
01.01.01.06.1.10047;SU.00002/2012;2114
01.01.01.06.1.10049;SU.00003/2012;2119
01.01.01.06.1.10050;SU.00007/2012;2115
01.01.01.06.1.10051;SU.00008/2012;2116
01.01.01.06.1.10052;SU.00009/2012;2117
01.01.01.06.1.10053;SU.00006/2012;533
01.01.01.06.1.10054;SU.00004/2012;496
01.01.01.06.1.10055;SU.00005/2012;509
01.01.01.06.1.10056;GS.01316/1995;2332
01.01.01.06.1.10057;SU.00012/2012;672
01.01.01.06.1.10058;SU.00011/2012;2122
01.01.01.06.1.10059;SU.00013/2012;2120
01.01.01.06.1.10060;SU.00014/2012;2123
01.01.01.06.1.10061;SU.00015/2012;2124
01.01.01.06.1.10062;SU.00016/2012;2125
01.01.01.06.1.10063;SU.00017/2012;777
01.01.01.06.1.10064;SU.00018/2012;2126
01.01.01.06.1.10065;SU.00019/2012;2127
01.01.01.06.1.10067;SU.00020/2012;988
01.01.01.06.1.10068;SU.00021/2012;2128
01.01.01.06.1.10069;SU.00022/2012;2129
01.01.01.06.1.10070;SU.00023/2012;2130
01.01.01.06.1.10071;SU.00024/2012;2131
01.01.01.06.1.10072;SU.00025/2012;2132
01.01.01.06.1.10073;SU.00026/2012;2133
01.01.01.06.1.10074;SU.00027/2013;2134
01.01.01.06.1.10075;GS.00005/1994;null
01.01.01.06.1.10076;SU.00031/2013;2140
01.01.01.06.1.10077;SU.00032/2013;2141
01.01.01.06.1.10078;SU.00034/2013;2145
01.01.01.06.1.10079;GS.00179/1997;2147
01.01.01.06.1.10080;SU.00036/2013;2159
01.01.01.06.1.10081;SU.00037/2013;2163
01.01.01.06.1.10082;SU.00038/2013;2164
01.01.01.06.1.10083;SU.00041/2013;2171
01.01.01.06.1.10085;SU.00040/2013;2166
01.01.01.06.1.10086;SU.00039/2013;2165
01.01.01.06.1.10087;SU.00046/2014;2184
01.01.01.06.1.10088;SU.00045/2014;2181
01.01.01.06.1.10089;SU.00049/2014;2187
01.01.01.06.1.10090;SU.00052/2014;2193
01.01.01.06.1.10091;SU.00055/2014;2197
01.01.01.06.1.10092;SU.00771/1995;null
01.01.01.06.1.10093;SU.00058/2015;2202
01.01.01.06.1.10094;SU.00059/2015;2204
01.01.01.06.1.10095;SU.00061/2015;2208
01.01.01.06.1.10096;SU.00063/2015;2210
01.01.01.06.1.10097;SU.00064/2015;2211
01.01.01.06.1.10098;SU.00066/2016;2212
01.01.01.06.1.10099;SU.00068/2016;2214
01.01.01.06.1.10100;SU.00067/2016;2213
01.01.01.06.1.10101;SU.00069/2016;2215
01.01.01.06.1.10102;SU.00071/2016;2217
01.01.01.06.1.10103;SU.00072/2016;2218
01.01.01.06.1.10104;SU.00042/2004;346
01.01.01.06.1.10105;SU.00040/2004;344
01.01.01.06.1.10106;SU.00076/2016;2230
01.01.01.06.1.10107;SU.00077/2016;2233
01.01.01.06.1.10108;SU.00078/2016;2234
01.01.01.06.1.10109;SU.00080/2017;2243
01.01.01.06.1.10110;SU.00081/2017;2244
01.01.01.06.1.10111;SU.00082/2017;2247
01.01.01.06.1.10112;SU.00083/2017;2249
01.01.01.06.1.10113;SU.00084/2017;2250
01.01.01.06.1.10114;SU.00085/2017;2251
01.01.01.06.1.10115;SU.00088/2017;2268
01.01.01.06.1.10116;SU.00090/2018;2284
01.01.01.06.1.10117;SU.00018/1998;2287
01.01.01.06.1.10118;SU.00093/2018;2289
01.01.01.06.1.10119;SU.00094/2018;2290
01.01.01.06.1.10120;SU.00091/2018;2288
01.01.01.06.1.10121;SU.00098/2018;2300
01.01.01.06.1.10122;SU.00095/2018;2297
01.01.01.06.1.10123;SU.00096/2018;2298
01.01.01.06.1.10124;SU.00097/2018;2299
01.01.01.06.1.10125;SU.00100/2019;2308
01.01.01.06.1.10126;SU.00033/2004;340
01.01.01.06.1.10127;SU.00102/LAKSANA/2019;2321
01.01.01.06.1.10128;SU.00103/LAKSANA/2019;2322
01.01.01.06.1.10129;SU.00105/2020;2330
01.01.01.06.1.10130;SU.00107/LAKSANA/2020;2659
01.01.01.06.1.10131;SUS.00024/1925;2663
01.01.01.06.1.10132;SU.00114/LAKSANA/2021;2675
01.01.01.06.1.10133;SU.00115/LAKSANA/2021;2676
01.01.01.06.1.10134;SU.00116/LAKSANA/2021;2677
01.01.01.06.1.10135;SU.00117/LAKSANA/2021;2678
01.01.01.06.1.10136;GS.00632/1995;2671
01.01.01.06.1.10137;SU.00109/LAKSANA/2020;2662
01.01.01.06.3.00064;GT.00220/1981;null
01.01.01.06.3.00065;GT.00222/1981;null
01.01.01.06.3.00114;GS.00046/1987;null
01.01.01.06.3.00180;SU.00903/1995;2253
01.01.01.06.3.00184;SU.00024/2011;2110
01.01.01.06.3.00190;SU.00502/1996;2236
01.01.01.06.3.00192;SU.00565/1996;null
01.01.01.06.3.00209;GS.00124/1997;null
01.01.01.06.3.00210;GS.00109/1997;null
01.01.01.06.3.00232;SU.00015/1998;2666
01.01.01.06.3.00234;SU.00007/1998;null
01.01.01.06.3.00237;SU.00017/1999;null
01.01.01.06.3.00238;SU.00018/1999;null
01.01.01.06.3.00239;SU.00019/1999;null
01.01.01.06.3.00243;SU.00024/2000;84
01.01.01.06.3.00247;SU.00025/2001;89
01.01.01.06.3.00300;GS.00069/1975;null
01.01.01.06.3.00303;GS.00077/1975;null
01.01.01.06.3.00317;GS.00135/1975;null
01.01.01.06.3.00331;GS.00029/1976;null
01.01.01.06.3.02003;SU.00031/2006;2050
01.01.01.06.3.02006;SU.00034/2007;118
01.01.01.06.3.02006;GS.00028/2001;118
01.01.01.06.3.02008;SU.00021/2008;1103
01.01.01.06.3.02010;SU.00030/2013;453
01.01.01.06.3.02011;SU.00030/2013;453
01.01.01.06.3.02012;SU.00033/2013;2139
01.01.01.06.3.02013;SU.00073/2016;2219
01.01.01.06.3.02014;SU.00074/2016;2220
01.01.01.06.3.02015;SU.00091/1982;2231
01.01.01.06.3.02016;SU.00106/LAKSANA/2020;2327
01.01.01.06.3.02017;SU.00108/2020;2661
01.01.01.06.4.00144;PLL.00138/1979;null
01.01.01.06.4.00147;PLL.00174/1979;null
01.01.01.06.4.00148;PLL.00180/1979;null
01.01.01.06.4.00150;PLL.00256/1979;null
01.01.01.06.4.00151;PLL.00332/1979;null
01.01.01.06.4.00154;PLL.00380/1980;null
01.01.01.06.4.00156;PLL.00149/1981;null
01.01.01.06.4.00165;SUS.00068/1983;null
01.01.01.06.4.00166;GS.00028/1986;null
01.01.01.06.4.00167;GS.00256/1977;null
01.01.01.06.4.00168;SUS.00304/1990;null
01.01.01.06.4.00173;GS.00799/1994;2258
01.01.01.06.4.00175;GS.00968/1995;null
01.01.01.06.4.00179;SU.00016/2001;90
01.01.01.06.4.00180;SU.00049/2001;null
01.01.01.06.4.00183;SU.00038/2004;343
01.01.01.06.4.02001;SU.00015/2006;2024
01.01.01.06.4.02002;SU.00014/2006;2029
01.01.01.06.4.02003;SU.00008/2009;null
01.01.01.06.4.02005;SU.00050/2014;2191
01.01.01.06.4.02006;SU.00101/LAKSANA/2019;2317
01.01.01.06.4.02007;SU.00112/LAKSANA/2021;2665
01.01.01.06.8.00002;SU.00110/LAKSANA/2020;178
01.01.01.06.8.00003;SU.00042/2002;180
01.01.01.06.8.00004;SU.00110/LAKSANA/2020;178
01.01.01.06.8.00005;SU.00042/2002;180
