01.01.01.07.1.00031;SUS.00054/1940;2355
01.01.01.07.1.00033;SU.00003/2011;2258
01.01.01.07.1.00050;SU.00003/1976;2716
01.01.01.07.1.00053;SU.00020/1978;2717
01.01.01.07.1.00054;SU.00021/1978;2718
01.01.01.07.1.00055;SU.00070/1978;2719
01.01.01.07.1.00060;SU.00098/1978;2720
01.01.01.07.1.00063;PLL.00107/1975;150
01.01.01.07.1.00064;GS.00144/1978;2721
01.01.01.07.1.00065;GS.00105/1979;2722
01.01.01.07.1.00066;SU.00043/1979;2425
01.01.01.07.1.00067;SU.00059/1979;2715
01.01.01.07.1.00068;SU.00060/1979;2482
01.01.01.07.1.00069;SU.00058/1979;2471
01.01.01.07.1.00070;SU.00070/1979;2723
01.01.01.07.1.00071;SU.00005/2011;1170
01.01.01.07.1.00072;SU.00080/1979;3000
01.01.01.07.1.00073;SU.00081/1979;2703
01.01.01.07.1.00074;GS.00125/1977;2704
01.01.01.07.1.00075;GS.00063/1979;2705
01.01.01.07.1.00075;GS.00063/1979;2705
01.01.01.07.1.00076;SU.00101/1979;2706
01.01.01.07.1.00077;SUS.00124/1977;2379
01.01.01.07.1.00079;GS.00076/1980;2707
01.01.01.07.1.00080;GS.00136/1977;2708
01.01.01.07.1.00082;SU.01000/1979;2856
01.01.01.07.1.00083;GS.00090/1979;2709
01.01.01.07.1.00084;GS.00091/1979;2334
01.01.01.07.1.00085;GS.00004/1976;2710
01.01.01.07.1.00086;SU.00100/1940;2711
01.01.01.07.1.00087;SU.00112/2018;2466
01.01.01.07.1.00088;SU.00048/1980;2712
01.01.01.07.1.00092;SU.00050/1980;2713
01.01.01.07.1.00093;SU.00051/1980;2714
01.01.01.07.1.00097;SU.01025/1979;2836
01.01.01.07.1.00100;SU.00061/2014;480
01.01.01.07.1.00101;GS.00275/1980;2400
01.01.01.07.1.00102;GS.00053/1961;2690
01.01.01.07.1.00103;GS.00241/1980;2691
01.01.01.07.1.00104;GS.00240/1980;2692
01.01.01.07.1.00105;GS.00022/1981;2694
01.01.01.07.1.00105;GS.00041/1972;2693
01.01.01.07.1.00105;GS.00022/1981;2693
01.01.01.07.1.00107;SU.00028/1979;2508
01.01.01.07.1.00108;GS.00031/1981;2695
01.01.01.07.1.00109;GS.00248/1979;2696
01.01.01.07.1.00110;GS.00342/1980;2347
01.01.01.07.1.00111;SU.00017/2010;2238
01.01.01.07.1.00115;SU.00380/1981;2866
01.01.01.07.1.00116;GS.00042/1980;2698
01.01.01.07.1.00118;GS.00361/1980;2523
01.01.01.07.1.00119;GS.00100/1981;2697
01.01.01.07.1.00120;GS.00043/1981;2501
01.01.01.07.1.00121;GS.00406/1981;2699
01.01.01.07.1.00122;GS.00044/1981;2700
01.01.01.07.1.00123;GS.00045/1981;2701
01.01.01.07.1.00124;SU.00001/2004;519
01.01.01.07.1.00125;GS.00049/1981;2702
01.01.01.07.1.00127;GS.00018/1962;2678
01.01.01.07.1.00128;GS.00099/1981;2679
01.01.01.07.1.00129;GS.00088/1982;2421
01.01.01.07.1.00130;GS.00381/1980;2500
01.01.01.07.1.00131;GS.00001/PEUNAYONG/1982;null
01.01.01.07.1.00132;GS.00002/PEUNAYONG/1982;2451
01.01.01.07.1.00133;GS.00006/1982;2680
01.01.01.07.1.00134;SU.00019/1982;2681
01.01.01.07.1.00135;GS.00051/1961;2682
01.01.01.07.1.00136;GS.00040/1982;2683
01.01.01.07.1.00137;GS.00041/1982;2684
01.01.01.07.1.00139;GS.00043/1982;2685
01.01.01.07.1.00140;GS.00044/1982;2686
01.01.01.07.1.00141;SU.00045/1982;2687
01.01.01.07.1.00142;SU.00049/1982;2689
01.01.01.07.1.00143;SU.00050/1982;2688
01.01.01.07.1.00144;SU.00060/1982;2514
01.01.01.07.1.00145;SU.00061/1982;2513
01.01.01.07.1.00146;SU.00072/1982;2477
01.01.01.07.1.00147;SU.00023/2003;469
01.01.01.07.1.00148;SU.00057/1979;2665
01.01.01.07.1.00149;SU.00133/1982;2666
01.01.01.07.1.00150;SU.00144/1983;2667
01.01.01.07.1.00151;SU.00017/1962;2668
01.01.01.07.1.00152;SU.00159/1983;2669
01.01.01.07.1.00153;SU.00160/1983;2423
01.01.01.07.1.00154;SU.00161/1983;2670
01.01.01.07.1.00155;SU.00002/PEUNAYONG/1983;null
01.01.01.07.1.00156;GS.00248/1981;2332
01.01.01.07.1.00157;GS.00380/1981;2671
01.01.01.07.1.00158;SU.00014/1983;2672
01.01.01.07.1.00159;GS.00039/1982;2673
01.01.01.07.1.00160;SU.00013/2010;2235
01.01.01.07.1.00161;GS.00038/1982;2674
01.01.01.07.1.00162;SU.00037/1983;2675
01.01.01.07.1.00163;GS.00008/1982;2676
01.01.01.07.1.00164;SU.00042/1983;2340
01.01.01.07.1.00165;SU.00043/1983;2677
01.01.01.07.1.00166;SU.00044/1983;2495
01.01.01.07.1.00167;SU.00045/1983;2651
01.01.01.07.1.00168;SU.00046/1983;2652
01.01.01.07.1.00169;GS.00448/1980;2653
01.01.01.07.1.00170;SU.00048/1983;2654
01.01.01.07.1.00171;SU.00015/1984;2337
01.01.01.07.1.00172;GS.00245/1980;2655
01.01.01.07.1.00173;SU.00033/1984;2656
01.01.01.07.1.00174;SU.00034/1984;2319
01.01.01.07.1.00175;SU.00035/1984;2891
01.01.01.07.1.00176;SU.00036/1984;2657
01.01.01.07.1.00178;SU.00012/2010;2234
01.01.01.07.1.00179;SU.00039/1984;2658
01.01.01.07.1.00180;SU.00055/2013;2310
01.01.01.07.1.00181;SU.00054/2013;2309
01.01.01.07.1.00185;GS.00065/1982;2659
01.01.01.07.1.00186;SU.00147/1983;2660
01.01.01.07.1.00187;SU.00003/1985;2661
01.01.01.07.1.00188;SU.00021/1985;2662
01.01.01.07.1.00189;SU.00077/1985;2663
01.01.01.07.1.00190;PLL.00001/PEUNAYONG/1900;2664
01.01.01.07.1.00191;GS.00295/1984;2640
01.01.01.07.1.00192;SU.00009/1986;2641
01.01.01.07.1.00194;SU.00043/1986;2642
01.01.01.07.1.00195;SU.00074/2015;2381
01.01.01.07.1.00196;SU.00061/1985;2643
01.01.01.07.1.00197;GS.00056/1986;2368
01.01.01.07.1.00198;SU.00006/1987;null
01.01.01.07.1.00199;GS.00007/1987;2644
01.01.01.07.1.00200;SU.00008/1987;2645
01.01.01.07.1.00203;SU.00060/1987;2646
01.01.01.07.1.00204;SU.00061/1987;2966
01.01.01.07.1.00205;GS.00041/1981;2647
01.01.01.07.1.00206;SU.00036/1952;2442
01.01.01.07.1.00208;GS.00026/1988;2648
01.01.01.07.1.00210;GS.00154/1977;2649
01.01.01.07.1.00211;GS.00210/1990;2650
01.01.01.07.1.00212;GS.00003/1988;2623
01.01.01.07.1.00213;SUS.00213/1988;2624
01.01.01.07.1.00214;SUS.00001/PEUNAYONG/1989;2625
01.01.01.07.1.00215;GS.00002/PEUNAYONG/1989;2626
01.01.01.07.1.00216;GS.00003/1989;2627
01.01.01.07.1.00217;GS.00004/1989;2628
01.01.01.07.1.00218;GS.00237/1978;2629
01.01.01.07.1.00219;GS.00173/1980;2630
01.01.01.07.1.00220;GS.00033/1977;2631
01.01.01.07.1.00221;GS.00046/1983;2632
01.01.01.07.1.00222;GS.00114/1982;2479
01.01.01.07.1.00223;GS.00042/1988;2965
01.01.01.07.1.00224;GS.00152/1986;2633
01.01.01.07.1.00225;SUS.00036/1988;2634
01.01.01.07.1.00226;SU.00087/1982;2635
01.01.01.07.1.00227;GS.00050/1990;2636
01.01.01.07.1.00228;SU.00052/1990;2637
01.01.01.07.1.00229;SUS.00242/1988;2638
01.01.01.07.1.00230;SU.00046/1991;2314
01.01.01.07.1.00231;SU.00071/1991;2520
01.01.01.07.1.00232;SU.00108/1991;2639
01.01.01.07.1.00233;SU.00109/1991;2610
01.01.01.07.1.00234;SU.00119/1991;2611
01.01.01.07.1.00235;SU.00111/1991;2411
01.01.01.07.1.00236;SU.00112/1991;2612
01.01.01.07.1.00237;GS.00002/1976;3052
01.01.01.07.1.00238;SU.00010/1986;2345
01.01.01.07.1.00239;SU.00026/1979;2613
01.01.01.07.1.00240;SUS.00006/1992;2614
01.01.01.07.1.00241;GS.00074/1979;2615
01.01.01.07.1.00243;SU.00032/1972;2616
01.01.01.07.1.00244;GS.00111/1993;2617
01.01.01.07.1.00245;GS.00110/1993;2618
01.01.01.07.1.00246;GS.00223/1993;2619
01.01.01.07.1.00247;GS.00276/1993;2620
01.01.01.07.1.00251;GS.00297/1993;2507
01.01.01.07.1.00252;GS.00101/1994;2297
01.01.01.07.1.00252;SU.00034/2012;2297
01.01.01.07.1.00253;GS.00122/1994;2621
01.01.01.07.1.00254;GS.00123/1994;2622
01.01.01.07.1.00255;GS.00524/1994;2600
01.01.01.07.1.00256;SU.00011/2010;2233
01.01.01.07.1.00257;GS.00878/1994;null
01.01.01.07.1.00258;GS.00970/1994;2436
01.01.01.07.1.00259;GS.00992/1994;2967
01.01.01.07.1.00260;GS.01038/1994;2529
01.01.01.07.1.00261;GS.01039/1994;2601
01.01.01.07.1.00262;GS.01267/1994;2443
01.01.01.07.1.00263;GS.00185/1995;2602
01.01.01.07.1.00264;GS.00203/1995;2506
01.01.01.07.1.00265;GS.00520/1995;2603
01.01.01.07.1.00266;GS.00554/1995;2604
01.01.01.07.1.00267;GS.00677/1995;2605
01.01.01.07.1.00267;GS.00677/1995;2605
01.01.01.07.1.00267;GS.00677/1995;2605
01.01.01.07.1.00268;GS.00678/1995;2388
01.01.01.07.1.00268;GS.00678/1995;2388
01.01.01.07.1.00269;GS.00882/1995;2404
01.01.01.07.1.00270;GS.00881/1995;2606
01.01.01.07.1.00272;GS.00974/1995;2607
01.01.01.07.1.00273;GS.01018/1995;2386
01.01.01.07.1.00274;GS.01436/1995;2608
01.01.01.07.1.00275;GS.02174/1995;2609
01.01.01.07.1.00276;GS.21321/1995;null
01.01.01.07.1.00277;GS.02217/1995;2589
01.01.01.07.1.00278;GS.02336/1995;2590
01.01.01.07.1.00280;GS.00224/1996;null
01.01.01.07.1.00281;GS.00225/1996;2407
01.01.01.07.1.00282;GS.00226/1996;2750
01.01.01.07.1.00285;GS.00229/1996;null
01.01.01.07.1.00286;GS.00419/1996;2867
01.01.01.07.1.00287;GS.00462/1996;2868
01.01.01.07.1.00288;GS.00484/1996;2592
01.01.01.07.1.00289;GS.00724/1996;2591
01.01.01.07.1.00290;GS.00725/1996;2593
01.01.01.07.1.00291;GS.01231/1996;2594
01.01.01.07.1.00292;GS.01523/1996;2473
01.01.01.07.1.00293;GS.00009/1996;2595
01.01.01.07.1.00294;GS.00010/1996;2596
01.01.01.07.1.00295;GS.01767/1996;2597
01.01.01.07.1.00296;GS.01775/1996;2598
01.01.01.07.1.00297;SU.00089/2002;441
01.01.01.07.1.00298;GS.01777/1996;2599
01.01.01.07.1.00299;GS.01778/1996;2816
01.01.01.07.1.00300;GS.01779/1996;2512
01.01.01.07.1.00301;SU.01780/1996;2869
01.01.01.07.1.00302;SU.01781/1996;2789
01.01.01.07.1.00303;SU.01806/1996;2747
01.01.01.07.1.00304;GS.01807/1996;2447
01.01.01.07.1.00305;GS.01315/1996;2746
01.01.01.07.1.00306;GS.01920/1996;2331
01.01.01.07.1.00307;GS.01921/1996;2745
01.01.01.07.1.00308;GS.01922/1996;2757
01.01.01.07.1.00309;GS.01923/1996;2743
01.01.01.07.1.00310;GS.01824/1996;2528
01.01.01.07.1.00311;GS.01825/1996;2744
01.01.01.07.1.00312;GS.01929/1996;2870
01.01.01.07.1.00313;GS.01930/1996;2467
01.01.01.07.1.00314;GS.01931/1996;2784
01.01.01.07.1.00315;GS.01932/1996;2498
01.01.01.07.1.00316;GS.01938/1996;2469
01.01.01.07.1.00317;GS.01965/1996;2753
01.01.01.07.1.00318;GS.01966/1996;2752
01.01.01.07.1.00319;GS.01967/1996;2751
01.01.01.07.1.00320;GS.02118/1996;2468
01.01.01.07.1.00321;GS.00014/1996;2581
01.01.01.07.1.00322;SU.00015/2012;2278
01.01.01.07.1.00323;SU.00023/1996;2582
01.01.01.07.1.00324;SU.00186/1997;2322
01.01.01.07.1.00325;SU.00187/1997;2583
01.01.01.07.1.00326;GS.00188/1997;2584
01.01.01.07.1.00327;SU.00005/1997;2439
01.01.01.07.1.00328;GS.00456/1997;2410
01.01.01.07.1.00329;SU.00021/1997;2363
01.01.01.07.1.00330;SU.01024/1997;2776
01.01.01.07.1.00331;SU.00054/1997;2354
01.01.01.07.1.00332;GS.00045/1977;2585
01.01.01.07.1.00332;SU.00045/1997;2585
01.01.01.07.1.00333;GS.01538/1997;2586
01.01.01.07.1.00334;GS.01145/1997;2587
01.01.01.07.1.00335;SU.00071/2003;515
01.01.01.07.1.00336;GS.02523/1997;2530
01.01.01.07.1.00337;SU.00007/1998;2588
01.01.01.07.1.00338;SU.00008/1998;2326
01.01.01.07.1.00339;SU.00009/1998;2749
01.01.01.07.1.00340;SU.00014/1998;2415
01.01.01.07.1.00341;SU.00013/1998;2731
01.01.01.07.1.00342;SU.00026/1998;26
01.01.01.07.1.00343;SU.00036/1998;2566
01.01.01.07.1.00344;SU.00024/1998;2567
01.01.01.07.1.00345;SU.00025/1998;2568
01.01.01.07.1.00346;SU.00035/1998;35
01.01.01.07.1.00347;SU.00041/1998;41
01.01.01.07.1.00348;SU.00042/1998;2569
01.01.01.07.1.00349;SU.00044/1998;2570
01.01.01.07.1.00350;SU.00046/1998;2571
01.01.01.07.1.00351;SU.00054/1998;2572
01.01.01.07.1.00352;SU.00053/1998;2573
01.01.01.07.1.00353;SU.00062/1998;2325
01.01.01.07.1.00354;SU.00001/1999;2574
01.01.01.07.1.00356;SU.00004/1999;2346
01.01.01.07.1.00357;SU.00039/1999;101
01.01.01.07.1.00358;SU.00013/1999;75
01.01.01.07.1.00358;SU.00013/1999;75
01.01.01.07.1.00359;SU.00016/1999;2576
01.01.01.07.1.00360;SU.00020/1999;2577
01.01.01.07.1.00361;SU.00023/1999;2578
01.01.01.07.1.00362;SU.00026/1999;2579
01.01.01.07.1.00363;SU.00025/1999;2580
01.01.01.07.1.00364;SU.00024/1999;2491
01.01.01.07.1.00365;SU.00037/1999;2553
01.01.01.07.1.00366;SU.00036/1999;2413
01.01.01.07.1.00367;SU.00035/1999;2820
01.01.01.07.1.00368;SU.00034/1999;2554
01.01.01.07.1.00369;SU.00033/1999;2555
01.01.01.07.1.00370;SU.00032/1999;2556
01.01.01.07.1.00371;SU.00031/1999;2557
01.01.01.07.1.00372;SU.00030/1999;2558
01.01.01.07.1.00373;SU.00029/1999;2510
01.01.01.07.1.00374;SU.00028/1999;2333
01.01.01.07.1.00375;SU.00027/1999;2485
01.01.01.07.1.00376;SU.00038/1999;2559
01.01.01.07.1.00377;SU.00040/1999;2560
01.01.01.07.1.00378;SU.00041/1999;2561
01.01.01.07.1.00379;SU.00042/1999;2361
01.01.01.07.1.00380;SU.00043/1999;2344
01.01.01.07.1.00381;SU.00044/1999;2562
01.01.01.07.1.00382;SU.00045/1999;2563
01.01.01.07.1.00383;SU.00049/1999;2564
01.01.01.07.1.00384;SU.00050/1999;2565
01.01.01.07.1.00385;SU.00051/1999;2430
01.01.01.07.1.00386;SU.00052/1999;2551
01.01.01.07.1.00387;SU.00053/1999;2871
01.01.01.07.1.00388;SU.00054/1999;2358
01.01.01.07.1.00389;SU.00055/1999;2359
01.01.01.07.1.00390;SU.00047/1999;3001
01.01.01.07.1.00391;SU.00048/1999;2881
01.01.01.07.1.00395;SU.00059/1999;121
01.01.01.07.1.00396;SU.00060/1999;122
01.01.01.07.1.00397;SU.00061/1999;2882
01.01.01.07.1.00398;SU.00062/1999;124
01.01.01.07.1.00399;SU.00064/1999;126
01.01.01.07.1.00400;SU.00065/1999;127
01.01.01.07.1.00401;SU.00066/1999;128
01.01.01.07.1.00402;SU.00004/2000;132
01.01.01.07.1.00403;SU.00002/2000;130
01.01.01.07.1.00404;SU.00003/2000;131
01.01.01.07.1.00405;SU.00007/2000;135
01.01.01.07.1.00406;SU.00024/1980;2794
01.01.01.07.1.00407;SU.00002/PEUNAYONG/1988;2552
01.01.01.07.1.00408;SU.00031/1982;2544
01.01.01.07.1.00409;SU.00010/2000;139
01.01.01.07.1.00410;SU.00189/1979;2545
01.01.01.07.1.00411;SU.00013/1953;2997
01.01.01.07.1.00412;SU.00412/2020;1
01.01.01.07.1.00412;SU.00012/1972;2546
01.01.01.07.1.00412;PLL.00012/1972;2546
01.01.01.07.1.00413;SU.00148/1979;2450
01.01.01.07.1.00414;SU.00022/1999;84
01.01.01.07.1.00415;SU.00029/1998;2812
01.01.01.07.1.00416;SU.00030/1998;30
01.01.01.07.1.00417;SU.00034/1982;2547
01.01.01.07.1.00418;SU.00109/1979;2548
01.01.01.07.1.00419;SU.00021/2000;151
01.01.01.07.1.00421;SU.00013/2000;142
01.01.01.07.1.00422;SU.00014/2000;143
01.01.01.07.1.00423;SU.00015/2000;144
01.01.01.07.1.00424;SU.00016/2010;2236
01.01.01.07.1.00425;SU.00020/2000;2828
01.01.01.07.1.00426;SU.02395/1996;2550
01.01.01.07.1.00427;SU.00024/2000;154
01.01.01.07.1.00428;SU.00042/1997;2541
01.01.01.07.1.00429;SU.02329/1996;2542
01.01.01.07.1.00430;SU.00023/2000;152
01.01.01.07.1.00431;SU.00022/2000;153
01.01.01.07.1.00432;SU.00009/2000;null
01.01.01.07.1.00433;SU.00026/2000;156
01.01.01.07.1.00434;SU.00025/2000;155
01.01.01.07.1.00435;SU.00027/2000;157
01.01.01.07.1.00436;SU.00029/2000;159
01.01.01.07.1.00437;SU.00034/2000;164
01.01.01.07.1.00438;null;2543
01.01.01.07.1.00438;SU.00039/1999;101
01.01.01.07.1.00439;SU.00056/1999;118
01.01.01.07.1.00440;SU.00030/2000;160
01.01.01.07.1.00441;SU.00031/2000;161
01.01.01.07.1.00442;SU.00032/2000;162
01.01.01.07.1.00443;SU.00033/2000;163
01.01.01.07.1.00444;SU.00028/2000;158
01.01.01.07.1.00445;SU.00035/2000;166
01.01.01.07.1.00446;SU.00036/2000;167
01.01.01.07.1.00447;SU.00042/2000;2883
01.01.01.07.1.00448;SU.00037/2000;168
01.01.01.07.1.00449;SU.00038/2000;169
01.01.01.07.1.00450;SU.00043/2000;175
01.01.01.07.1.00451;SU.00039/2000;170
01.01.01.07.1.00452;SU.00040/2000;171
01.01.01.07.1.00453;SU.00041/2000;172
01.01.01.07.1.00454;SU.00044/2000;176
01.01.01.07.1.00455;SU.00048/2000;182
01.01.01.07.1.00457;SU.00046/2000;180
01.01.01.07.1.00459;SU.00053/2000;188
01.01.01.07.1.00460;SU.00049/2000;183
01.01.01.07.1.00461;SU.00052/2000;178
01.01.01.07.1.00462;SU.00050/2000;186
01.01.01.07.1.00464;SU.00062/2000;196
01.01.01.07.1.00465;SU.00056/2000;192
01.01.01.07.1.00466;SU.00055/2000;191
01.01.01.07.1.00467;SU.00057/2000;193
01.01.01.07.1.00468;SU.00058/2000;184
01.01.01.07.1.00469;SU.00059/2000;185
01.01.01.07.1.00470;SU.00063/2000;197
01.01.01.07.1.00471;SU.00064/2000;195
01.01.01.07.1.00472;SU.00065/2000;190
01.01.01.07.1.00473;SU.00067/2000;198
01.01.01.07.1.00474;SU.00074/2000;205
01.01.01.07.1.00476;SU.00099/2017;199
01.01.01.07.1.00477;SU.00075/2000;206
01.01.01.07.1.00478;SU.00077/2000;200
01.01.01.07.1.00479;SU.00078/2000;201
01.01.01.07.1.00480;SU.00079/2000;203
01.01.01.07.1.00481;SU.00080/2000;204
01.01.01.07.1.00482;SU.00088/2000;217
01.01.01.07.1.00483;SU.00071/2000;202
01.01.01.07.1.00484;SU.00090/2000;221
01.01.01.07.1.00485;SU.00093/2000;224
01.01.01.07.1.00486;SU.00076/2000;2497
01.01.01.07.1.00487;SU.00089/2000;220
01.01.01.07.1.00488;SU.00091/2000;222
01.01.01.07.1.00489;SU.00092/2000;208
01.01.01.07.1.00490;SU.00081/2000;209
01.01.01.07.1.00491;SU.00085/2000;214
01.01.01.07.1.00492;SU.00095/2000;210
01.01.01.07.1.00493;SU.00087/2000;216
01.01.01.07.1.00494;SU.00083/2000;212
01.01.01.07.1.00495;SU.00086/2000;2524
01.01.01.07.1.00496;SU.00094/2000;219
01.01.01.07.1.00497;SU.00096/2000;218
01.01.01.07.1.00498;SU.00084/2000;213
01.01.01.07.1.00499;SU.00097/2000;226
01.01.01.07.1.00500;SU.00098/2000;227
01.01.01.07.1.00501;SU.00099/2000;228
01.01.01.07.1.00502;SU.00100/2000;2755
01.01.01.07.1.00503;SU.00001/PEUNAYONG/2001;230
01.01.01.07.1.00504;SU.00004/2001;223
01.01.01.07.1.00508;SU.00002/2001;231
01.01.01.07.1.00509;GS.00005/2001;233
01.01.01.07.1.00510;SU.00016/2011;1264
01.01.01.07.1.00512;SU.00007/2001;189
01.01.01.07.1.00513;SU.00008/2001;177
01.01.01.07.1.00514;SU.00009/2001;235
01.01.01.07.1.00515;SU.00010/2001;236
01.01.01.07.1.00516;SU.00071/2015;376
01.01.01.07.1.00517;SU.00011/2001;238
01.01.01.07.1.00518;SU.00012/2001;2538
01.01.01.07.1.00519;SU.00013/2001;241
01.01.01.07.1.00520;SU.00014/2001;242
01.01.01.07.1.00521;SU.00015/2001;243
01.01.01.07.1.00522;SU.00016/2001;244
01.01.01.07.1.00523;SU.00017/2001;245
01.01.01.07.1.00524;SU.00018/2001;247
01.01.01.07.1.00525;SU.00019/2001;246
01.01.01.07.1.00526;SU.00020/2001;248
01.01.01.07.1.00527;SU.00095/1978;2539
01.01.01.07.1.00528;SU.00022/2001;250
01.01.01.07.1.00530;SU.00024/2001;252
01.01.01.07.1.00531;SU.00025/2001;253
01.01.01.07.1.00532;SU.00026/2001;254
01.01.01.07.1.00533;SU.00027/2001;255
01.01.01.07.1.00534;SU.00028/2001;256
01.01.01.07.1.00535;SU.00029/2001;2540
01.01.01.07.1.00536;SU.00030/2001;258
01.01.01.07.1.00537;SU.00031/2001;259
01.01.01.07.1.00538;SU.00032/2001;260
01.01.01.07.1.00539;SU.00033/2001;261
01.01.01.07.1.00540;SU.00036/2001;264
01.01.01.07.1.00541;SU.00037/2001;265
01.01.01.07.1.00542;SU.00039/2001;267
01.01.01.07.1.00543;SU.00040/2001;268
01.01.01.07.1.00545;SU.00041/2001;269
01.01.01.07.1.00546;SU.00044/2001;272
01.01.01.07.1.00547;SU.00045/2001;271
01.01.01.07.1.00548;SU.00042/2001;273
01.01.01.07.1.00549;SU.00046/2001;274
01.01.01.07.1.00550;SU.00047/2001;275
01.01.01.07.1.00551;SU.00048/2001;276
01.01.01.07.1.00552;SU.00049/2001;277
01.01.01.07.1.00553;SU.00050/2001;278
01.01.01.07.1.00554;SU.00051/2001;279
01.01.01.07.1.00555;SU.00052/2001;281
01.01.01.07.1.00556;SU.00053/2001;282
01.01.01.07.1.00557;SU.00054/2001;283
01.01.01.07.1.00558;SU.00055/2001;284
01.01.01.07.1.00559;SU.00056/2001;285
01.01.01.07.1.00560;SU.00057/2001;286
01.01.01.07.1.00562;SU.00059/2001;288
01.01.01.07.1.00563;SU.00014/2010;299
01.01.01.07.1.00564;SU.00061/2001;300
01.01.01.07.1.00565;SU.00062/2001;301
01.01.01.07.1.00566;SU.00067/2001;309
01.01.01.07.1.00567;SU.00063/2001;302
01.01.01.07.1.00568;SU.00064/2001;2537
01.01.01.07.1.00572;SU.00068/2001;310
01.01.01.07.1.00573;SU.00069/2001;311
01.01.01.07.1.00574;SU.00070/2001;312
01.01.01.07.1.00575;SU.00015/2010;313
01.01.01.07.1.00576;SU.00072/2001;314
01.01.01.07.1.00577;SU.00073/2001;315
01.01.01.07.1.00578;SU.00074/2001;316
01.01.01.07.1.00579;SU.00075/2001;296
01.01.01.07.1.00580;SU.00076/2001;295
01.01.01.07.1.00581;SU.00077/2001;297
01.01.01.07.1.00582;SU.00078/2001;317
01.01.01.07.1.00583;SU.00079/2001;318
01.01.01.07.1.00584;SU.00080/2001;319
01.01.01.07.1.00585;SU.00081/2001;320
01.01.01.07.1.00586;SU.00082/2001;307
01.01.01.07.1.00587;SU.00022/1980;321
01.01.01.07.1.00588;SU.01928/1995;333
01.01.01.07.1.00589;SU.00059/1978;334
01.01.01.07.1.00590;SU.00095/1982;337
01.01.01.07.1.00591;SU.01500/1996;338
01.01.01.07.1.00592;SU.00085/2001;308
01.01.01.07.1.00593;SU.00240/1996;240
01.01.01.07.1.00594;SU.00086/2001;331
01.01.01.07.1.00595;SU.00063/1980;2742
01.01.01.07.1.00598;SU.00089/2001;342
01.01.01.07.1.00599;SU.00025/1997;22
01.01.01.07.1.00600;SU.00034/2001;262
01.01.01.07.1.00602;SU.00035/2001;263
01.01.01.07.1.00603;SU.00090/2001;343
01.01.01.07.1.00604;SU.00091/2001;345
01.01.01.07.1.00605;SU.00114/2001;346
01.01.01.07.1.00607;SU.00093/2001;347
01.01.01.07.1.00608;SU.00094/2001;348
01.01.01.07.1.00609;SU.00095/2001;349
01.01.01.07.1.00610;SU.00096/2001;350
01.01.01.07.1.00611;SU.00097/2001;351
01.01.01.07.1.00612;SU.00108/2001;2826
01.01.01.07.1.00613;SU.00109/2001;2885
01.01.01.07.1.00614;SU.00110/2001;2459
01.01.01.07.1.00616;SU.00011/1982;366
01.01.01.07.1.00617;SU.00112/2001;365
01.01.01.07.1.00618;SU.00001/2002;368
01.01.01.07.1.00620;SU.00003/2002;369
01.01.01.07.1.00621;SU.00004/2002;370
01.01.01.07.1.00622;SU.00005/2002;371
01.01.01.07.1.00623;SU.00006/2002;374
01.01.01.07.1.00624;SU.00007/2002;372
01.01.01.07.1.00625;SU.00008/2002;373
01.01.01.07.1.00626;SU.00009/2002;375
01.01.01.07.1.00627;SU.00011/2002;377
01.01.01.07.1.00628;SU.00012/2002;378
01.01.01.07.1.00629;SU.00013/2002;379
01.01.01.07.1.00630;SU.00014/2002;380
01.01.01.07.1.00631;SU.00017/2002;383
01.01.01.07.1.00632;SU.00018/2002;384
01.01.01.07.1.00633;SU.00019/2002;385
01.01.01.07.1.00634;SU.00020/2002;386
01.01.01.07.1.00635;SU.00015/2002;381
01.01.01.07.1.00636;SU.00016/2002;382
01.01.01.07.1.00637;SU.00021/2002;387
01.01.01.07.1.00639;SU.00023/2002;389
01.01.01.07.1.00640;SU.00025/2002;391
01.01.01.07.1.00641;SU.00024/2002;390
01.01.01.07.1.00642;SU.00026/2002;393
01.01.01.07.1.00643;SU.00027/2002;392
01.01.01.07.1.00644;SU.00028/2002;225
01.01.01.07.1.00645;SU.00032/2002;2536
01.01.01.07.1.00646;SU.00034/2002;360
01.01.01.07.1.00647;SU.00035/2002;2791
01.01.01.07.1.00648;SU.00036/2002;2790
01.01.01.07.1.00649;SU.00037/2002;358
01.01.01.07.1.00650;SU.00038/2002;357
01.01.01.07.1.00651;SU.00039/2002;354
01.01.01.07.1.00652;SU.00040/2002;355
01.01.01.07.1.00653;SU.00041/2002;356
01.01.01.07.1.00654;SU.00033/2002;397
01.01.01.07.1.00655;SU.00042/2002;229
01.01.01.07.1.00656;SU.00043/2002;407
01.01.01.07.1.00657;SU.00075/2015;408
01.01.01.07.1.00658;SU.00045/2002;359
01.01.01.07.1.00659;SU.00046/2002;361
01.01.01.07.1.00660;SU.00047/2002;398
01.01.01.07.1.00661;SU.00048/2002;399
01.01.01.07.1.00662;SU.00049/2002;400
01.01.01.07.1.00663;SU.00050/2002;401
01.01.01.07.1.00666;SU.00060/2014;404
01.01.01.07.1.00667;SU.00054/2002;2763
01.01.01.07.1.00668;SU.00055/2002;409
01.01.01.07.1.00669;SU.00056/2002;412
01.01.01.07.1.00670;SU.00057/2002;410
01.01.01.07.1.00671;SU.00058/2002;411
01.01.01.07.1.00672;SU.00042/2013;414
01.01.01.07.1.00673;SU.00060/2002;413
01.01.01.07.1.00674;SU.00061/2002;415
01.01.01.07.1.00675;SU.00064/2002;418
01.01.01.07.1.00676;SU.00065/2002;419
01.01.01.07.1.00677;SU.00066/2002;422
01.01.01.07.1.00678;SU.00067/2002;423
01.01.01.07.1.00679;SU.00068/2002;424
01.01.01.07.1.00680;SU.00069/2002;420
01.01.01.07.1.00681;SU.00070/2002;421
01.01.01.07.1.00682;SU.00062/2002;417
01.01.01.07.1.00683;SU.00072/2000;428
01.01.01.07.1.00684;SU.00073/2002;427
01.01.01.07.1.00686;SU.00075/2002;429
01.01.01.07.1.00687;SU.00076/2002;430
01.01.01.07.1.00688;SU.00077/2002;405
01.01.01.07.1.00689;SU.00082/2002;431
01.01.01.07.1.00690;SU.00078/2002;432
01.01.01.07.1.00691;SU.00079/2002;433
01.01.01.07.1.00692;null;434
01.01.01.07.1.00693;SU.00081/2002;435
01.01.01.07.1.00694;SU.00083/2002;406
01.01.01.07.1.00695;SU.00084/2002;436
01.01.01.07.1.00696;SU.00085/2002;437
01.01.01.07.1.00697;SU.00086/2002;438
01.01.01.07.1.00698;SU.00087/2002;439
01.01.01.07.1.00699;SU.00088/2002;440
01.01.01.07.1.00700;SU.00091/2002;443
01.01.01.07.1.00701;SU.00092/2002;444
01.01.01.07.1.00702;SU.00093/2002;83
01.01.01.07.1.00703;SU.00094/2002;445
01.01.01.07.1.00704;SU.00095/2002;2792
01.01.01.07.1.00705;SU.00096/2002;447
01.01.01.07.1.00706;SU.00097/2002;448
01.01.01.07.1.00707;SU.00001/2003;449
01.01.01.07.1.00708;SU.00002/2003;450
01.01.01.07.1.00709;SU.00003/2003;452
01.01.01.07.1.00710;SU.00004/2003;null
01.01.01.07.1.00711;SU.00005/2003;451
01.01.01.07.1.00712;SU.00006/2003;453
01.01.01.07.1.00713;SU.00007/2003;454
01.01.01.07.1.00714;SU.00008/2003;455
01.01.01.07.1.00715;SU.00012/2003;457
01.01.01.07.1.00716;SU.00013/2003;2964
01.01.01.07.1.00717;SU.00014/2003;460
01.01.01.07.1.00718;SU.00015/2003;2780
01.01.01.07.1.00719;SU.00016/2003;462
01.01.01.07.1.00720;SU.00009/2003;461
01.01.01.07.1.00721;SU.00022/2003;463
01.01.01.07.1.00722;SU.00010/2003;456
01.01.01.07.1.00723;SU.00025/2003;472
01.01.01.07.1.00724;SU.00026/2003;471
01.01.01.07.1.00725;SU.00011/2003;459
01.01.01.07.1.00726;SU.00027/2003;473
01.01.01.07.1.00727;SU.00028/2003;474
01.01.01.07.1.00728;SU.00029/2003;475
01.01.01.07.1.00729;SU.00030/2003;null
01.01.01.07.1.00730;SU.00017/2003;467
01.01.01.07.1.00731;SU.00020/2003;464
01.01.01.07.1.00732;SU.00018/2003;466
01.01.01.07.1.00733;SU.00019/2003;465
01.01.01.07.1.00734;SU.00021/2003;468
01.01.01.07.1.00735;SU.00031/2003;476
01.01.01.07.1.00736;SU.00032/2003;477
01.01.01.07.1.00737;SU.00033/2003;478
01.01.01.07.1.00738;SU.00034/2003;479
01.01.01.07.1.00739;SU.00037/2003;482
01.01.01.07.1.00740;SU.00038/2003;483
01.01.01.07.1.00741;SU.00041/2003;486
01.01.01.07.1.00742;SU.00042/2003;487
01.01.01.07.1.00743;SU.00035/2003;481
01.01.01.07.1.00744;SU.00744/2003;744
01.01.01.07.1.00744;null;null
01.01.01.07.1.00745;SU.00039/2003;485
01.01.01.07.1.00746;SU.00040/2003;null
01.01.01.07.1.00747;SU.00048/2003;489
01.01.01.07.1.00748;SU.00049/2003;2307
01.01.01.07.1.00749;SU.00050/2003;495
01.01.01.07.1.00750;SU.00043/2003;492
01.01.01.07.1.00751;SU.00044/2003;490
01.01.01.07.1.00752;SU.00045/2003;2449
01.01.01.07.1.00754;SU.00051/2003;496
01.01.01.07.1.00755;SU.00052/2003;497
01.01.01.07.1.00760;SU.00058/2003;503
01.01.01.07.1.00761;SU.00059/2003;504
01.01.01.07.1.00762;SU.00060/2003;505
01.01.01.07.1.00763;SU.00061/2003;506
01.01.01.07.1.00766;SU.00065/2003;508
01.01.01.07.1.00770;SU.00069/2003;513
01.01.01.07.1.00771;SU.00070/2003;514
01.01.01.07.1.00773;SU.00072/2003;516
01.01.01.07.1.00776;SU.00004/2004;146
01.01.01.07.1.00778;SU.00006/2004;522
01.01.01.07.1.00779;SU.00009/2004;529
01.01.01.07.1.00780;SU.00008/2004;526
01.01.01.07.1.00781;SU.00002/2004;518
01.01.01.07.1.00782;SU.00275/1980;null
01.01.01.07.1.00782;SU.00011/2004;527
01.01.01.07.1.00783;GS.01492/1996;2356
01.01.01.07.1.00784;SU.00005/1998;2837
01.01.01.07.1.00785;SU.00014/2004;531
01.01.01.07.1.00786;SU.00015/2004;532
01.01.01.07.1.00787;SU.00017/2004;2730
01.01.01.07.1.00788;SU.00016/2004;533
01.01.01.07.1.00788;SU.00018/2004;533
01.01.01.07.1.00790;SU.00019/2004;534
01.01.01.07.1.00791;SU.00020/2004;539
01.01.01.07.1.00794;SU.00024/2004;540
01.01.01.07.1.00795;SU.00023/2004;541
01.01.01.07.1.00798;SU.00028/2004;545
01.01.01.07.1.00800;SU.00030/2004;548
01.01.01.07.1.00801;SU.00031/2004;549
01.01.01.07.1.00802;SU.00032/2004;550
01.01.01.07.1.00805;SU.00035/2004;null
01.01.01.07.1.00806;SU.00036/2004;552
01.01.01.07.1.00806;SU.00036/2004;552
01.01.01.07.1.00809;GS.00002/PEUNAYONG/1965;2886
01.01.01.07.1.00810;SU.00009/1989;null
01.01.01.07.1.00816;SU.00024/1981;3002
01.01.01.07.1.00834;SU.00032/1991;null
01.01.01.07.1.00837;SU.00001/PEUNAYONG/1900;2352
01.01.01.07.1.00837;SU.00028/1900;2352
01.01.01.07.1.00838;GS.00026/1981;1165
01.01.01.07.1.00839;GS.00027/1981;2481
01.01.01.07.1.00841;SU.00427/1987;null
01.01.01.07.1.00844;SUS.00428/1990;null
01.01.01.07.1.00845;SUS.00026/1976;null
01.01.01.07.1.00847;GS.00002/PEUNAYONG/1980;2732
01.01.01.07.1.00847;SU.00002/1980;2732
01.01.01.07.1.00848;SU.00066/1940;2824
01.01.01.07.1.00879;SU.00042/1980;3055
01.01.01.07.1.00888;PLL.00100/1981;2887
01.01.01.07.1.00938;SU.00345/2000;2888
01.01.01.07.1.00951;SU.02166/1995;2889
01.01.01.07.1.00952;SU.02167/1995;2850
01.01.01.07.1.01029;GS.01928/1996;2825
01.01.01.07.1.01138;SU.00009/2000;1138
01.01.01.07.1.01176;SU.00010/2004;525
01.01.01.07.1.02001;SU.00001/2005;2001
01.01.01.07.1.02002;SU.00002/2005;2002
01.01.01.07.1.02003;SU.00004/2005;2003
01.01.01.07.1.02004;SU.00007/2005;2006
01.01.01.07.1.02005;SU.00009/2005;2011
01.01.01.07.1.02006;SU.00010/2005;2009
01.01.01.07.1.02007;SU.00011/2005;2010
01.01.01.07.1.02008;SU.00012/2005;2012
01.01.01.07.1.02009;SU.00013/2005;2015
01.01.01.07.1.02010;SU.00014/2005;2013
01.01.01.07.1.02011;SU.00015/2005;2016
01.01.01.07.1.02012;SU.00016/2005;2017
01.01.01.07.1.02013;SU.00017/2005;2014
01.01.01.07.1.02014;SU.00020/2005;2020
01.01.01.07.1.02015;SU.00001/2006;2022
01.01.01.07.1.02016;SU.00002/2006;2023
01.01.01.07.1.02017;SU.00003/2006;2029
01.01.01.07.1.02019;SU.00005/2006;2033
01.01.01.07.1.02020;SU.00006/2006;2032
01.01.01.07.1.02021;SU.00007/2006;2031
01.01.01.07.1.02022;SU.00008/2006;2037
01.01.01.07.1.02023;SU.00009/2006;2036
01.01.01.07.1.02024;SU.00010/2006;2035
01.01.01.07.1.02025;SU.00012/2006;2028
01.01.01.07.1.02026;SU.00013/2006;2026
01.01.01.07.1.02027;SU.00011/2006;2027
01.01.01.07.1.02028;SU.00014/2006;2025
01.01.01.07.1.02029;SU.00015/2006;2018
01.01.01.07.1.02030;SU.00016/2006;2024
01.01.01.07.1.02031;SU.00017/2006;2039
01.01.01.07.1.02033;SU.00019/2006;2030
01.01.01.07.1.02034;SU.00020/2006;2040
01.01.01.07.1.02035;SU.00021/2006;2042
01.01.01.07.1.02036;SU.00024/2006;2044
01.01.01.07.1.02037;SU.00026/2006;2047
01.01.01.07.1.02038;SU.00027/2006;2051
01.01.01.07.1.02039;SU.00028/2006;2052
01.01.01.07.1.02040;SU.00029/2006;2049
01.01.01.07.1.02041;SU.00030/2006;2053
01.01.01.07.1.02042;SU.00031/2006;2056
01.01.01.07.1.02044;SU.00033/2006;2054
01.01.01.07.1.02045;SU.00034/2006;2050
01.01.01.07.1.02046;SU.00035/2006;2057
01.01.01.07.1.02047;SU.00036/2006;2043
01.01.01.07.1.02048;SU.00037/2006;2063
01.01.01.07.1.02049;SU.00038/2006;2059
01.01.01.07.1.02050;SU.00039/2006;2061
01.01.01.07.1.02051;SU.00040/2006;2064
01.01.01.07.1.02052;SU.00041/2006;2065
01.01.01.07.1.02052;SU.00137/1983;null
01.01.01.07.1.02053;SU.00042/2006;2062
01.01.01.07.1.02054;SU.00044/2006;2067
01.01.01.07.1.02055;SU.00045/2006;2068
01.01.01.07.1.02056;SU.00001/2007;1262
01.01.01.07.1.02057;SU.00046/2006;614
01.01.01.07.1.02058;SU.00003/2007;635
01.01.01.07.1.02058;SU.00051/1997;null
01.01.01.07.1.02059;SU.00052/1997;null
01.01.01.07.1.02059;SU.00004/2007;636
01.01.01.07.1.02060;SU.00005/2007;1010
01.01.01.07.1.02061;SU.00006/2007;257
01.01.01.07.1.02062;SU.00007/2007;2222
01.01.01.07.1.02063;SU.00008/2007;613
01.01.01.07.1.02064;SU.00009/2007;612
01.01.01.07.1.02065;SU.00010/2007;1166
01.01.01.07.1.02066;SU.00011/2007;2315
01.01.01.07.1.02067;SU.00012/2007;727
01.01.01.07.1.02068;SU.00023/2007;728
01.01.01.07.1.02069;SU.00014/2007;749
01.01.01.07.1.02069;SU.00019/2000;148
01.01.01.07.1.02070;SU.00018/2000;147
01.01.01.07.1.02070;SU.00015/2007;750
01.01.01.07.1.02071;SU.00016/2007;820
01.01.01.07.1.02072;SU.00017/2007;957
01.01.01.07.1.02073;SU.00019/2007;537
01.01.01.07.1.02074;SU.00018/2007;538
01.01.01.07.1.02075;SU.00020/2007;500
01.01.01.07.1.02075;SU.54/2003;500
01.01.01.07.1.02076;SU.00021/2007;606
01.01.01.07.1.02077;SU.00022/2007;3003
01.01.01.07.1.02078;SU.00062/2003;507
01.01.01.07.1.02079;SU.00024/2007;102
01.01.01.07.1.02081;SU.00026/2007;797
01.01.01.07.1.02082;SU.00005/1982;null
01.01.01.07.1.02082;SU.00027/2007;493
01.01.01.07.1.02084;SU.00029/2007;null
01.01.01.07.1.02085;SU.00030/2007;2884
01.01.01.07.1.02086;SU.00031/2007;546
01.01.01.07.1.02086;SU.00029/2004;546
01.01.01.07.1.02087;SU.00035/2007;104
01.01.01.07.1.02088;SU.00034/2007;4
01.01.01.07.1.02089;SU.00038/2007;762
01.01.01.07.1.02090;SU.00039/2007;1041
01.01.01.07.1.02091;SU.00040/2007;1044
01.01.01.07.1.02092;SU.00041/2007;1045
01.01.01.07.1.02093;SU.00042/2007;1042
01.01.01.07.1.02095;SU.00044/2007;535
01.01.01.07.1.02096;SU.00046/2007;1167
01.01.01.07.1.02097;SU.00045/2007;2769
01.01.01.07.1.02098;PLL.00036/2007;1072
01.01.01.07.1.02099;SU.00003/2008;971
01.01.01.07.1.02101;SU.00004/2008;2395
01.01.01.07.1.02102;SU.00005/2008;1043
01.01.01.07.1.02103;SU.00006/2008;1039
01.01.01.07.1.02104;SU.00007/2008;1040
01.01.01.07.1.02105;SU.00008/2008;1080
01.01.01.07.1.02106;SU.00009/2008;863
01.01.01.07.1.02107;SU.00010/2008;855
01.01.01.07.1.02108;SU.00011/2008;2428
01.01.01.07.1.02109;SU.00012/2008;1038
01.01.01.07.1.02110;SU.00018/2008;2438
01.01.01.07.1.02111;SU.00019/2008;1179
01.01.01.07.1.02112;SU.00017/2008;2223
01.01.01.07.1.02113;SU.00016/2008;857
01.01.01.07.1.02114;SU.00020/2008;2833
01.01.01.07.1.02115;SU.00024/2008;2797
01.01.01.07.1.02116;SU.00025/2008;2786
01.01.01.07.1.02117;SU.00023/2008;807
01.01.01.07.1.02118;SU.00022/2008;2890
01.01.01.07.1.02119;SU.00021/2008;861
01.01.01.07.1.02120;SU.00026/2008;2760
01.01.01.07.1.02121;SU.00027/2008;187
01.01.01.07.1.02122;SU.00028/2008;666
01.01.01.07.1.02123;SU.00029/2008;2773
01.01.01.07.1.02125;SU.00031/2008;null
01.01.01.07.1.02126;SU.00032/2008;876
01.01.01.07.1.02127;SU.00035/2008;2531
01.01.01.07.1.02128;SU.00036/2008;2864
01.01.01.07.1.02129;SU.00037/2008;2863
01.01.01.07.1.02130;SU.00038/2008;2781
01.01.01.07.1.02132;SU.00040/2008;2225
01.01.01.07.1.02133;SU.00001/2009;838
01.01.01.07.1.02134;SU.00002/2009;1097
01.01.01.07.1.02135;SU.00003/2009;757
01.01.01.07.1.02136;SU.00004/2009;12
01.01.01.07.1.02137;SU.00005/2009;1068
01.01.01.07.1.02138;SU.00006/2009;2758
01.01.01.07.1.02139;SU.00007/2009;2862
01.01.01.07.1.02140;SU.00008/2009;2861
01.01.01.07.1.02141;SU.00010/2009;3054
01.01.01.07.1.02142;SU.00009/2009;986
01.01.01.07.1.02143;SU.00011/2009;null
01.01.01.07.1.02144;SU.00012/2009;2350
01.01.01.07.1.02145;SU.00013/2009;756
01.01.01.07.1.02146;SU.00014/2009;931
01.01.01.07.1.02147;SU.00015/2009;2316
01.01.01.07.1.02148;SU.00016/2009;2228
01.01.01.07.1.02149;SU.00017/2009;1118
01.01.01.07.1.02150;SU.00018/2009;2762
01.01.01.07.1.02152;SU.00019/2009;789
01.01.01.07.1.02153;SU.00020/2009;656
01.01.01.07.1.02154;SU.00021/2009;2229
01.01.01.07.1.02155;SU.00022/2009;996
01.01.01.07.1.02156;SU.00023/2009;1193
01.01.01.07.1.02157;SU.00024/2009;858
01.01.01.07.1.02159;SU.00026/2009;33
01.01.01.07.1.02160;SU.00027/2009;36
01.01.01.07.1.02161;SU.00028/2009;2521
01.01.01.07.1.02162;SU.00029/2009;877
01.01.01.07.1.02163;SU.00031/2009;1151
01.01.01.07.1.02164;SU.00032/2009;937
01.01.01.07.1.02165;SU.00033/2009;564
01.01.01.07.1.02166;SU.00034/2009;611
01.01.01.07.1.02167;SU.00035/2009;938
01.01.01.07.1.02169;SU.00037/2009;1076
01.01.01.07.1.02170;SU.00038/2009;2230
01.01.01.07.1.02171;SU.00001/PEUNAYONG/2010;15
01.01.01.07.1.02172;SU.00002/PEUNAYONG/2010;2733
01.01.01.07.1.02173;SU.00003/PEUNAYONG/2010;946
01.01.01.07.1.02174;SU.00004/2010;1031
01.01.01.07.1.02175;SU.00111/2000;null
01.01.01.07.1.02175;SU.00005/2010;558
01.01.01.07.1.02176;SU.00006/2010;1277
01.01.01.07.1.02177;GS.00006/2010;2231
01.01.01.07.1.02178;SU.00007/2010;1294
01.01.01.07.1.02179;SU.00009/2010;899
01.01.01.07.1.02180;SU.00008/2010;1005
01.01.01.07.1.02181;SU.00010/2010;1203
01.01.01.07.1.02182;SU.00018/2010;2232
01.01.01.07.1.02183;SU.00019/2010;2237
01.01.01.07.1.02184;SU.00041/2008;48
01.01.01.07.1.02185;SU.00021/2010;2239
01.01.01.07.1.02186;SU.00030/2008;47
01.01.01.07.1.02187;SU.00022/2010;2243
01.01.01.07.1.02188;SU.00023/2010;2244
01.01.01.07.1.02189;SU.00025/2010;2248
01.01.01.07.1.02190;SU.00024/2010;2242
01.01.01.07.1.02191;SU.00026/2010;2247
01.01.01.07.1.02192;SU.00027/2010;2245
01.01.01.07.1.02193;SU.00062/1997;null
01.01.01.07.1.02194;SU.00001/2011;2254
01.01.01.07.1.02195;SU.00002/2011;2250
01.01.01.07.1.02196;SU.00035/1952;2465
01.01.01.07.1.02197;SU.00004/2011;2257
01.01.01.07.1.02198;SU.00015/1998;2444
01.01.01.07.1.02199;GS.00931/1994;2782
01.01.01.07.1.02200;SU.00006/2011;2259
01.01.01.07.1.02201;SU.00007/2011;2260
01.01.01.07.1.02202;GS.00111/1978;2490
01.01.01.07.1.02203;SU.00009/2011;2261
01.01.01.07.1.02204;SU.00008/2011;2264
01.01.01.07.1.02205;SU.02158/1995;2338
01.01.01.07.1.02206;SU.00014/2011;2263
01.01.01.07.1.02207;SU.00013/2011;572
01.01.01.07.1.02208;SU.00010/2011;2266
01.01.01.07.1.02209;SU.00011/2011;2267
01.01.01.07.1.02210;SU.00012/2011;2268
01.01.01.07.1.02211;SU.00061/1986;2859
01.01.01.07.1.02212;SU.00020/1997;2779
01.01.01.07.1.02213;GS.02171/1995;1254
01.01.01.07.1.02213;SU.00010/2012;1254
01.01.01.07.1.02214;SU.00040/1981;2860
01.01.01.07.1.02215;SU.00001/2012;2270
01.01.01.07.1.02216;SU.00002/2012;2272
01.01.01.07.1.02217;SU.00005/2012;1012
01.01.01.07.1.02221;SU.00009/2012;2276
01.01.01.07.1.02222;SU.00013/2012;1177
01.01.01.07.1.02223;SU.00012/2012;1176
01.01.01.07.1.02224;SU.00014/2012;668
01.01.01.07.1.02226;GS.01483/1996;2852
01.01.01.07.1.02227;SU.00020/2012;2282
01.01.01.07.1.02228;SU.00021/2012;2283
01.01.01.07.1.02229;SU.00022/2012;2284
01.01.01.07.1.02230;SU.00016/2012;2279
01.01.01.07.1.02231;SU.00017/2012;2280
01.01.01.07.1.02232;SU.00018/2012;2281
01.01.01.07.1.02233;SU.00024/2012;2286
01.01.01.07.1.02234;SU.00023/2012;2285
01.01.01.07.1.02235;SU.00026/2012;2289
01.01.01.07.1.02236;SU.00025/2012;2288
01.01.01.07.1.02237;SU.00033/2012;2287
01.01.01.07.1.02237;GS.00401/1996;2287
01.01.01.07.1.02238;SU.00027/2012;2292
01.01.01.07.1.02239;GS.01484/1996;2533
01.01.01.07.1.02240;SU.00030/2012;2291
01.01.01.07.1.02241;SU.00029/2012;2290
01.01.01.07.1.02242;SU.00028/2012;2293
01.01.01.07.1.02243;SU.00031/2012;2294
01.01.01.07.1.02244;SU.00032/2012;2295
01.01.01.07.1.02245;SU.00035/2012;446
01.01.01.07.1.02246;SU.00036/2013;2298
01.01.01.07.1.02247;SU.00037/2013;2299
01.01.01.07.1.02248;SU.00038/2013;2300
01.01.01.07.1.02249;GS.00163/1993;2518
01.01.01.07.1.02250;SU.00041/1997;2532
01.01.01.07.1.02251;SU.00162/1993;2534
01.01.01.07.1.02252;GS.01227/1994;1227
01.01.01.07.1.02252;SU.00053/2013;1227
01.01.01.07.1.02253;SU.00032/2007;2311
01.01.01.07.1.02254;SU.00046/2013;2313
01.01.01.07.1.02255;SU.00047/2013;2317
01.01.01.07.1.02256;SU.00048/2013;2318
01.01.01.07.1.02257;SU.00049/2013;2320
01.01.01.07.1.02258;GS.02170/1995;2312
01.01.01.07.1.02259;SU.00041/2013;2303
01.01.01.07.1.02260;SU.00041/2013;2303
01.01.01.07.1.02262;SU.00040/2013;2301
01.01.01.07.1.02263;GS.00686/1994;2308
01.01.01.07.1.02264;SU.00050/2013;2321
01.01.01.07.1.02265;SU.00052/2013;2329
01.01.01.07.1.02266;SU.00060/1986;2432
01.01.01.07.1.02267;SU.00006/2005;2008
01.01.01.07.1.02268;SU.00056/2013;2336
01.01.01.07.1.02269;SU.01473/1996;2339
01.01.01.07.1.02270;GS.01479/1996;2535
01.01.01.07.1.02271;GS.02169/1995;2838
01.01.01.07.1.02272;SU.00057/2013;2341
01.01.01.07.1.02273;SUS.00106/1977;2348
01.01.01.07.1.02274;SU.00012/2000;141
01.01.01.07.1.02275;GS.02154/1995;2401
01.01.01.07.1.02276;GS.02155/1995;2351
01.01.01.07.1.02278;SU.00011/2000;140
01.01.01.07.1.02279;SU.01564/1997;2360
01.01.01.07.1.02280;SU.00280/2014;280
01.01.01.07.1.02280;null;null
01.01.01.07.1.02280;SU.00225/1997;null
01.01.01.07.1.02281;SU.00062/2014;2364
01.01.01.07.1.02282;SU.00241/1996;2772
01.01.01.07.1.02283;GS.00934/1997;null
01.01.01.07.1.02284;GS.00935/1997;null
01.01.01.07.1.02285;SU.00936/1997;null
01.01.01.07.1.02286;SU.00064/2014;2370
01.01.01.07.1.02287;GS.02159/1995;2851
01.01.01.07.1.02289;SU.00078/1997;2775
01.01.01.07.1.02290;SU.00067/2015;2373
01.01.01.07.1.02291;SU.00068/2015;2374
01.01.01.07.1.02292;GS.01481/1996;2527
01.01.01.07.1.02293;GS.01458/1996;2375
01.01.01.07.1.02294;SU.01350/1997;2865
01.01.01.07.1.02295;SU.01485/1996;2848
01.01.01.07.1.02296;SU.00069/2015;2377
01.01.01.07.1.02297;SU.00070/2015;2378
01.01.01.07.1.02298;SU.00023/1998;23
01.01.01.07.1.02299;SU.00072/2015;2380
01.01.01.07.1.02300;SU.01941/1995;2798
01.01.01.07.1.02301;SU.00076/2015;2383
01.01.01.07.1.02302;SU.00077/2015;2384
01.01.01.07.1.02303;SU.00040/1998;2800
01.01.01.07.1.02304;SU.01466/1996;2463
01.01.01.07.1.02305;SU.01465/1996;2839
01.01.01.07.1.02306;SU.01475/1996;2854
01.01.01.07.1.02307;SU.00082/2016;2389
01.01.01.07.1.02307;SUS.00172/1989;2389
01.01.01.07.1.02308;SU.00081/2016;2391
01.01.01.07.1.02309;SU.00080/2016;2390
01.01.01.07.1.02310;SU.00079/2015;2387
01.01.01.07.1.02311;SU.00083/2016;2392
01.01.01.07.1.02312;GS.01489/1996;2846
01.01.01.07.1.02313;GS.01467/1996;2393
01.01.01.07.1.02314;SU.01503/1996;3074
01.01.01.07.1.02315;GS.01474/1996;2357
01.01.01.07.1.02316;GS.02397/1997;2484
01.01.01.07.1.02317;GS.02398/1997;2483
01.01.01.07.1.02318;GS.01488/1996;2840
01.01.01.07.1.02319;SU.00019/1997;2778
01.01.01.07.1.02320;SU.01476/1996;2503
01.01.01.07.1.02321;SU.00013/1997;2813
01.01.01.07.1.02322;SU.00084/2016;2394
01.01.01.07.1.02323;SU.00012/1999;2806
01.01.01.07.1.02324;SU.00085/2016;2397
01.01.01.07.1.02325;SU.00086/2016;2398
01.01.01.07.1.02326;SU.00087/2016;2399
01.01.01.07.1.02327;SU.00032/2006;2060
01.01.01.07.1.02328;SU.00091/2016;2409
01.01.01.07.1.02329;GS.01457/1996;2418
01.01.01.07.1.02330;SU.00095/2017;2420
01.01.01.07.1.02331;SU.00097/2017;2426
01.01.01.07.1.02332;SU.00001/1998;2424
01.01.01.07.1.02333;SU.00030/1997;2511
01.01.01.07.1.02334;SU.00014/1997;2433
01.01.01.07.1.02335;SU.00001/PEUNAYONG/1979;2429
01.01.01.07.1.02336;SU.00544/1997;2437
01.01.01.07.1.02337;SU.00002/1998;2441
01.01.01.07.1.02338;SU.00101/2017;2435
01.01.01.07.1.02339;SU.00103/2017;2445
01.01.01.07.1.02340;SU.00012/1998;2446
01.01.01.07.1.02341;SU.00037/2007;45
01.01.01.07.1.02342;SU.00096/1997;2448
01.01.01.07.1.02343;SU.00107/2018;2458
01.01.01.07.1.02344;SU.00109/2018;2460
01.01.01.07.1.02345;SUS.00105/1977;2456
01.01.01.07.1.02346;SU.00452/1978;2427
01.01.01.07.1.02347;SU.00111/2018;2464
01.01.01.07.1.02348;SU.00049/1998;2457
01.01.01.07.1.02349;SU.00106/2018;2455
01.01.01.07.1.02350;SU.00031/1998;31
01.01.01.07.1.02351;SU.00110/2018;2461
01.01.01.07.1.02352;SU.00115/2018;2462
01.01.01.07.1.02353;SU.00053/1979;2476
01.01.01.07.1.02354;SU.00045/1979;2475
01.01.01.07.1.02355;SU.00048/1998;2474
01.01.01.07.1.02356;SU.00021/1998;2478
01.01.01.07.1.02357;SU.00116/2018;2480
01.01.01.07.1.02358;SU.00118/2019;2489
01.01.01.07.1.02359;SU.00121/2019;2496
01.01.01.07.1.02360;SU.00120/2019;2494
01.01.01.07.1.02361;SU.00119/PEUNAYONG/2019;2492
01.01.01.07.1.02362;SU.00122/2019;2499
01.01.01.07.1.02363;SU.00125/2019;2505
01.01.01.07.1.02364;SU.00128/PEUNAYONG/2019;2519
01.01.01.07.1.02365;SU.00019/1999;81
01.01.01.07.1.02366;SU.00130/PEUNAYONG/2020;2525
01.01.01.07.1.02367;SU.00131/PEUNAYONG/2020;2526
01.01.01.07.1.02369;SU.00138/PEUNAYONG/2021;3077
01.01.01.07.1.02370;SU.00139/PEUNAYONG/2021;3076
01.01.01.07.1.02371;SU.00105/2018;2454
01.01.01.07.3.00240;SU.00023/1972;null
01.01.01.07.3.00242;SU.00015/1982;3078
01.01.01.07.3.00354;SU.00096/1982;null
01.01.01.07.3.00397;SU.00016/1980;2858
01.01.01.07.3.00400;SU.00021/1980;2736
01.01.01.07.3.00401;SU.00022/1980;321
01.01.01.07.3.00401;null;null
01.01.01.07.3.00403;GS.00181/1979;2927
01.01.01.07.3.00406;SU.00026/1980;2928
01.01.01.07.3.00410;SU.00031/1980;2830
01.01.01.07.3.00414;SU.00033/1980;2932
01.01.01.07.3.00418;SU.00034/1980;2929
01.01.01.07.3.00430;GS.00062/1980;null
01.01.01.07.3.00433;SU.00064/1980;2930
01.01.01.07.3.00434;SU.00065/1980;2931
01.01.01.07.3.00435;SU.00066/1980;null
01.01.01.07.3.00436;SU.00067/1980;2770
01.01.01.07.3.00437;SU.00068/1980;2933
01.01.01.07.3.00440;SU.00071/1980;2942
01.01.01.07.3.00441;SU.00072/1980;2934
01.01.01.07.3.00458;SU.00010/1981;2943
01.01.01.07.3.00459;GS.00154/1980;2767
01.01.01.07.3.00465;GS.00216/1979;2804
01.01.01.07.3.00474;GS.00087/1981;2935
01.01.01.07.3.00478;SU.00038/2001;266
01.01.01.07.3.00495;GS.00435/1980;2945
01.01.01.07.3.00503;SU.00034/1998;2819
01.01.01.07.3.00507;GS.00025/1981;3073
01.01.01.07.3.00526;PLL.00295/1981;2422
01.01.01.07.3.00528;GS.00297/1981;2950
01.01.01.07.3.00529;GS.00298/1981;2949
01.01.01.07.3.00538;GS.00334/1981;2799
01.01.01.07.3.00557;SU.00025/1979;2765
01.01.01.07.3.00558;SU.00027/1979;2764
01.01.01.07.3.00564;SU.00029/1979;null
01.01.01.07.3.00566;SU.00040/1979;2748
01.01.01.07.3.00574;GS.00019/1981;2849
01.01.01.07.3.00576;SU.00029/1951;null
01.01.01.07.3.00577;SU.00049/1979;2951
01.01.01.07.3.00580;SU.00052/1979;2802
01.01.01.07.3.00584;SU.00056/1979;null
01.01.01.07.3.00593;SU.00071/1982;2754
01.01.01.07.3.00604;SU.00071/1979;2936
01.01.01.07.3.00605;SU.00075/1979;null
01.01.01.07.3.00606;SU.00077/1979;null
01.01.01.07.3.00607;SU.00047/1998;2937
01.01.01.07.3.00609;GS.00257/1979;null
01.01.01.07.3.00610;GS.00258/1979;null
01.01.01.07.3.00611;GS.00259/1979;null
01.01.01.07.3.00616;SU.00100/1979;2938
01.01.01.07.3.00620;SU.00074/1979;2832
01.01.01.07.3.00627;SU.00094/1979;2777
01.01.01.07.3.00636;SU.00102/1979;2783
01.01.01.07.3.00677;SU.00138/1983;2788
01.01.01.07.3.00693;SU.00111/1981;1111
01.01.01.07.3.00695;SU.00096/1984;2517
01.01.01.07.3.00714;SU.00024/1985;2822
01.01.01.07.3.00715;SU.00028/1985;2785
01.01.01.07.3.00716;SU.00029/1985;2939
01.01.01.07.3.00722;SU.00042/1985;2829
01.01.01.07.3.00725;SU.00064/1980;2930
01.01.01.07.3.00729;SU.00068/1980;2933
01.01.01.07.3.00731;SU.00070/1980;null
01.01.01.07.3.00737;SU.00215/1981;2488
01.01.01.07.3.00738;SU.00216/1981;2487
01.01.01.07.3.00751;SU.00063/1985;2940
01.01.01.07.3.00773;SU.00324/1984;2818
01.01.01.07.3.00775;SU.00063/1987;2835
01.01.01.07.3.00776;SU.00055/1998;null
01.01.01.07.3.00777;GS.00441/1980;2948
01.01.01.07.3.00779;SU.00068/1987;2941
01.01.01.07.3.00780;SU.00069/1987;null
01.01.01.07.3.00782;SU.00071/1987;2729
01.01.01.07.3.00783;SU.00072/1987;2946
01.01.01.07.3.00786;SU.00075/1987;2947
01.01.01.07.3.00787;SU.00076/1987;2944
01.01.01.07.3.00788;SU.00077/1987;2952
01.01.01.07.3.00789;SU.00078/1987;2953
01.01.01.07.3.00795;SU.00062/1987;2796
01.01.01.07.3.00797;GS.00592/1987;2969
01.01.01.07.3.00800;SU.00010/1988;null
01.01.01.07.3.00802;SU.00037/1988;2493
01.01.01.07.3.00806;SUS.00180/1988;2735
01.01.01.07.3.00812;SUS.00104/1982;2831
01.01.01.07.3.00813;SU.00102/1982;2834
01.01.01.07.3.00817;SU.00024/1989;null
01.01.01.07.3.00819;SU.00022/1989;2817
01.01.01.07.3.00821;SU.00030/1990;2805
01.01.01.07.3.00825;SU.00211/1990;2973
01.01.01.07.3.00826;SU.00005/1976;2954
01.01.01.07.3.00827;GS.00083/1976;2768
01.01.01.07.3.00831;GS.00636/1987;null
01.01.01.07.3.00835;SU.00033/1991;2972
01.01.01.07.3.00840;SU.00008/1971;2734
01.01.01.07.3.00841;GS.00427/1987;2808
01.01.01.07.3.00847;GS.00002/PEUNAYONG/1980;103
01.01.01.07.3.00848;SUS.00066/1940;2787
01.01.01.07.3.00849;SUS.00777/1990;2989
01.01.01.07.3.00850;SU.00023/1972;null
01.01.01.07.3.00854;SU.00100/1993;2738
01.01.01.07.3.00855;SU.00099/1993;2739
01.01.01.07.3.00858;SU.00105/1993;2793
01.01.01.07.3.00861;SU.00097/1993;2809
01.01.01.07.3.00865;GS.00161/1993;2741
01.01.01.07.3.00872;SU.00033/1975;2955
01.01.01.07.3.00888;GS.00427/1994;null
01.01.01.07.3.00889;GS.00645/1994;null
01.01.01.07.3.00904;SU.01263/1994;2795
01.01.01.07.3.00905;SU.00195/1995;2980
01.01.01.07.3.00906;SU.00196/1995;2988
01.01.01.07.3.00908;SU.00352/1995;2998
01.01.01.07.3.00915;SU.00551/1995;2814
01.01.01.07.3.00920;SU.00863/1995;2996
01.01.01.07.3.00921;SU.00830/1995;2963
01.01.01.07.3.00923;SU.01435/1995;2821
01.01.01.07.3.00926;SU.00078/2015;2385
01.01.01.07.3.00933;SU.02198/1995;2970
01.01.01.07.3.00934;SU.02149/PEUNAYONG/1995;2994
01.01.01.07.3.00936;SU.02151/PEUNAYONG/1995;2995
01.01.01.07.3.00937;GS.02152/1995;2956
01.01.01.07.3.00938;GS.02153/1995;2992
01.01.01.07.3.00942;GS.02157/1995;2993
01.01.01.07.3.00958;GS.00239/1996;2807
01.01.01.07.3.00960;GS.00241/1996;2771
01.01.01.07.3.00964;SU.00100/2017;2431
01.01.01.07.3.00964;GS.00388/1996;2431
01.01.01.07.3.00974;GS.01452/1996;2759
01.01.01.07.3.00978;GS.01460/1996;null
01.01.01.07.3.00979;GS.01461/1996;3057
01.01.01.07.3.00983;GS.01480/1996;2983
01.01.01.07.3.00989;GS.01486/1996;2847
01.01.01.07.3.00990;GS.01487/1996;2959
01.01.01.07.3.00993;GS.01490/1996;2981
01.01.01.07.3.00994;GS.01491/1996;2845
01.01.01.07.3.00996;GS.01493/1996;2844
01.01.01.07.3.00997;GS.01494/1996;2843
01.01.01.07.3.00999;null;null
01.01.01.07.3.01003;GS.00059/1982;2985
01.01.01.07.3.01004;GS.00060/1982;2984
01.01.01.07.3.01005;GS.00061/1982;2986
01.01.01.07.3.01007;SU.01504/1996;2987
01.01.01.07.3.01013;SU.01468/1996;2990
01.01.01.07.3.01014;GS.01469/1996;2991
01.01.01.07.3.01015;GS.01470/1996;2841
01.01.01.07.3.01017;GS.01472/1996;2842
01.01.01.07.3.01022;GS.01477/1996;2362
01.01.01.07.3.01024;SU.01638/1996;2810
01.01.01.07.3.01031;SU.02046/1996;2982
01.01.01.07.3.01052;SU.00023/1997;2958
01.01.01.07.3.01054;SU.00031/1997;null
01.01.01.07.3.01066;SU.00058/1997;2801
01.01.01.07.3.01067;SU.00059/1997;2999
01.01.01.07.3.01074;SU.00055/1997;2961
01.01.01.07.3.01075;SU.00056/1997;2979
01.01.01.07.3.01078;SU.02202/1997;2978
01.01.01.07.3.01083;SU.00095/1997;2815
01.01.01.07.3.01091;SU.00004/1998;2740
01.01.01.07.3.01093;null;null
01.01.01.07.3.01095;SU.00011/1998;2823
01.01.01.07.3.01116;SU.00050/1998;50
01.01.01.07.3.01121;SU.00057/1998;null
01.01.01.07.3.01122;SU.00058/1998;2977
01.01.01.07.3.01123;SU.00059/1998;2976
01.01.01.07.3.01124;SU.00060/1998;2968
01.01.01.07.3.01125;SU.00002/PEUNAYONG/1999;2974
01.01.01.07.3.01129;SU.00007/1999;2971
01.01.01.07.3.01132;null;null
01.01.01.07.3.01135;GS.00056/1999;2962
01.01.01.07.3.01136;SU.00063/1999;2737
01.01.01.07.3.01137;SU.00063/1986;2349
01.01.01.07.3.01145;SU.00066/2000;null
01.01.01.07.3.01147;SU.00054/2000;2957
01.01.01.07.3.01161;SU.00098/2001;352
01.01.01.07.3.01162;SU.00099/2001;353
01.01.01.07.3.01163;SU.00100/2001;2975
01.01.01.07.3.01169;SU.00034/2002;360
01.01.01.07.3.01170;SU.00107/2001;294
01.01.01.07.3.01171;SU.00029/2002;396
01.01.01.07.3.01172;SU.00030/2002;394
01.01.01.07.3.01176;SU.00010/1990;2330
01.01.01.07.3.01177;SU.00027/2004;544
01.01.01.07.3.02004;SU.00008/2005;2005
01.01.01.07.3.02005;SU.00018/2005;2019
01.01.01.07.3.02006;SU.00019/2005;2021
01.01.01.07.3.02007;SU.00023/2006;2046
01.01.01.07.3.02008;SU.00022/2006;2045
01.01.01.07.3.02009;SU.00025/2006;2041
01.01.01.07.3.02010;SU.00018/2006;2038
01.01.01.07.3.02013;SU.00002/2007;1180
01.01.01.07.3.02016;SU.00036/2007;806
01.01.01.07.3.02018;SU.00001/2008;100
01.01.01.07.3.02019;SU.00013/2008;637
01.01.01.07.3.02020;SU.00033/2008;2515
01.01.01.07.3.02021;SU.00034/2008;2516
01.01.01.07.3.02024;SU.00028/2010;2249
01.01.01.07.3.02025;SU.00030/2010;2252
01.01.01.07.3.02026;SU.00003/2012;76
01.01.01.07.3.02031;SU.00043/2013;2305
01.01.01.07.3.02032;SU.00044/2013;2304
01.01.01.07.3.02033;SU.00047/2000;181
01.01.01.07.3.02034;SU.00045/2013;2306
01.01.01.07.3.02035;SU.00059/2014;2342
01.01.01.07.3.02037;SU.00063/2014;2369
01.01.01.07.3.02038;SU.00073/2015;2382
01.01.01.07.3.02039;SU.00088/2016;2402
01.01.01.07.3.02041;SU.00102/2017;2434
01.01.01.07.3.02042;SU.00104/2018;2453
01.01.01.07.3.02045;SU.00113/2018;2470
01.01.01.07.3.02046;SU.00114/2018;2472
01.01.01.07.3.02047;SU.00117/2018;2486
01.01.01.07.3.02049;SU.00133/2020;2726
01.01.01.07.3.02050;SU.00132/2020;2727
01.01.01.07.3.02051;SU.00135/2020;2724
01.01.01.07.3.02052;SU.00134/2020;2725
01.01.01.07.3.02053;SU.00136/2020;2728
01.01.01.07.3.02054;GS.00002/PEUNAYONG/1980;103
01.01.01.07.3.02057;SU.00137/PEUNAYONG/2021;3075
01.01.01.07.3.02504;GS.00002/PEUNAYONG/1980;103
01.01.01.07.4.00004;SU.00580/1910;2880
01.01.01.07.4.00012;SU.00025/1971;2879
01.01.01.07.4.00015;SU.00001/2000;129
01.01.01.07.4.00016;SU.00772/1990;2878
01.01.01.07.4.00017;GS.00003/1991;2811
01.01.01.07.4.00018;SUS.00373/1991;2756
01.01.01.07.4.00019;SUS.00742/1991;2877
01.01.01.07.4.00020;SUS.00318/1989;2857
01.01.01.07.4.00021;GS.00535/1996;2876
01.01.01.07.4.00022;GS.00671/1996;2875
01.01.01.07.4.00023;GS.01667/1996;2874
01.01.01.07.4.00024;GS.01671/1996;2873
01.01.01.07.4.00025;GS.01679/1996;2367
01.01.01.07.4.00026;GS.01674/1996;2853
01.01.01.07.4.00027;GS.01551/1997;3004
01.01.01.07.4.00028;GS.01552/1997;2872
01.01.01.07.4.00029;SU.00008/2000;136
01.01.01.07.4.02001;SU.00014/2008;1270
01.01.01.07.4.02002;SU.00015/2008;1269
01.01.01.07.4.02003;SU.00029/2010;2246
01.01.01.07.4.02005;SU.00008/2012;1046
01.01.01.07.4.02006;SU.00019/2012;2273
01.01.01.07.4.02007;SU.00094/2016;2416
01.01.01.07.4.02008;SU.00093/2016;2417
01.01.01.07.4.02009;SU.00092/2016;2408
01.01.01.07.4.02010;SU.00090/2016;2405
01.01.01.07.4.02011;SU.00108/2018;2452
01.01.01.07.4.02012;SU.00089/2016;2406
01.01.01.07.4.02013;SU.00123/PEUNAYONG/2019;2502
01.01.01.07.4.02014;SU.00124/2019;2504
;;
